1.wav|Tiếng chuông báo giờ vào lớp vang lên, xé tan bầu không khí tĩnh lặng của ngôi trường chuyên danh tiếng nhất thành phố.
2.wav|Trong hành lang lát gạch men bóng loáng, thầy Duy hít một hơi thật sâu, chỉnh lại cổ áo sơ mi trắng tinh khôi trước khi bước vào văn phòng hội đồng.
3.wav|Thầy Duy năm nay vừa tròn hai mươi bốn tuổi.
4.wav|Với tấm bằng tốt nghiệp loại ưu trên tay, thầy mang theo tất cả sự nhiệt huyết và cả một chút ngây ngô của một người trẻ lần đầu đứng trên bục giảng.
5.wav|Nhưng sự hào hứng ấy nhanh chóng bị dội một gáo nước lạnh khi thầy nhận được danh sách lớp chủ nhiệm.
6.wav|"Lớp 12A4 là lớp chọn, nhưng thầy Duy cần lưu ý một trường hợp đặc biệt," cô hiệu phó đẩy gọng kính, giọng nói nghiêm nghị không chút cảm xúc.
7.wav|"Học sinh An Nhiên.
8.wav|Một thành phần cá biệt làm ảnh hưởng đến thành tích chung.
9.wav|Nếu không thể uốn nắn, thầy cứ việc báo cáo để nhà trường có biện pháp xử lý mạnh tay."
10.wav|Thầy Duy khẽ gật đầu, nhưng trong lòng lại dấy lên một sự tò mò lạ kỳ.
11.wav|"Thành phần cá biệt" ở một ngôi trường mà mỗi học sinh đều là một cỗ máy học tập hoàn hảo thì sẽ trông như thế nào?
12.wav|Cánh cửa lớp 12A4 mở ra.
13.wav|Bốn mươi cặp mắt đổ dồn về phía người thầy giáo trẻ.
14.wav|Không gian yên tĩnh đến mức có thể nghe thấy tiếng gió thổi qua khe cửa sổ.
15.wav|Thầy Duy mỉm cười, giọng nói ấm áp vang lên:
16.wav|"Chào cả lớp, thầy là Duy, sẽ đồng hành cùng các em trong môn Văn và cũng là giáo viên chủ nhiệm mới của lớp mình."
17.wav|Trong khi các học sinh khác nhanh chóng mở sách vở, ngồi ngay ngắn thì ở góc cuối lớp, cạnh cửa sổ, có một bóng dáng đang gục mặt xuống bàn.
18.wav|Một chiếc áo khoác đen trùm kín đầu, hoàn toàn tách biệt với những bộ đồng phục phẳng phiu xung quanh.
19.wav|Đó chính là An Nhiên.
20.wav|Thầy Duy chậm rãi bước xuống phía cuối lớp.
21.wav|Tiếng xì xào bắt đầu nổi lên.
22.wav|Có học sinh khẽ mỉa mai: "Thầy đừng phí công, bạn ấy lúc nào chẳng ngủ."
23.wav|Thầy Duy không hề nổi giận.
24.wav|Thay vì đập bàn hay quát tháo như cách những giáo viên khác thường làm để khẳng định uy quyền, thầy chỉ đứng yên đó một lát.
25.wav|Thầy quan sát thấy đôi vai của An Nhiên khẽ run lên, dường như cô học trò này không phải đang ngủ, mà đang cố gắng trốn tránh một điều gì đó từ thế giới bên ngoài.
26.wav|Thầy Duy đưa tay, gõ nhẹ ba nhịp xuống mặt bàn gỗ.
27.wav|Âm thanh vừa đủ nghe, không hề mang tính đe dọa.
28.wav|"An Nhiên, nắng chiều hôm nay rất đẹp, nếu em cứ nhắm mắt thì sẽ lỡ mất khoảnh khắc đẹp nhất của ngày đấy."
29.wav|An Nhiên từ từ ngẩng đầu lên.
30.wav|Gương mặt cô học trò hiện ra sau lớp tóc mái lòa xòa.
31.wav|Đó là một khuôn mặt thanh tú nhưng đôi mắt lại chứa đựng sự lạnh lẽo và bất cần đến đáng sợ.
32.wav|Cô nhìn thầy Duy, không phải ánh mắt sợ hãi của một học sinh mắc lỗi, mà là cái nhìn dò xét, đầy vẻ thách thức.
33.wav|"Thầy mới đến thì nên lo dạy đi, quan tâm tôi làm gì?" An Nhiên buông một câu cộc lốc rồi lại quay mặt nhìn ra cửa sổ, nơi những tán phượng già đang xào xạc.
34.wav|Cả lớp nín thở chờ đợi một cơn lôi đình từ thầy giáo trẻ.
35.wav|Nhưng thầy Duy chỉ mỉm cười, một nụ cười hiền lành và bao dung.
36.wav|"Thầy quan tâm vì em là học sinh của thầy.
37.wav|Thầy hy vọng trong giờ Văn của thầy, em không cần phải gồng mình lên để làm một ai đó khác.
38.wav|Chỉ cần là chính em thôi cũng được."
39.wav|Thầy Duy quay trở lại bục giảng, bắt đầu bài dạy về vẻ đẹp của ngôn từ.
40.wav|Thầy nói về việc ngôn ngữ không chỉ là những con chữ khô khan trên mặt giấy, mà là công cụ để con người thấu hiểu và bảo vệ lẫn nhau.
41.wav|Ở góc lớp, An Nhiên vẫn nhìn ra cửa sổ, nhưng bàn tay dưới gầm bàn của cô đang siết chặt lấy chiếc bút bi.
42.wav|Đôi mắt lạnh lùng ấy thoáng qua một tia dao động rất nhỏ.
43.wav|Cô học trò cá biệt ấy không hề biết rằng, người thầy giáo trẻ này chính là người đầu tiên nhìn thấy sự tồn tại của cô không phải như một "vết đen" trên bảng thành tích, mà như một con người cần được lắng nghe.
44.wav|Buổi học đầu tiên kết thúc trong sự ngỡ ngàng của tập thể 12A4.
45.wav|Thầy Duy thu dọn giáo án, không quên nhìn về phía An Nhiên một lần cuối trước khi rời lớp.
46.wav|Thầy biết, phía sau vẻ ngoài gai góc kia là một bí mật nào đó đang chờ được hé mở.
47.wav|Và hành trình của thầy tại ngôi trường này, chỉ mới chính thức bắt đầu từ khoảnh khắc ánh mắt hai thầy trò chạm nhau.
48.wav|Ánh đèn bàn tỏa ra một vùng sáng vàng vọt, bao trùm lên chồng bài tập làm văn dày cộp trên bàn làm việc của thầy Duy.
49.wav|Đêm đã về khuya, không gian tĩnh lặng đến mức thầy có thể nghe thấy tiếng tích tắc đều đặn của chiếc đồng hồ treo tường và tiếng gió lùa qua khe cửa sổ.
50.wav|Chủ đề thầy đưa ra cho lớp 12A4 là "Ước mơ và khát vọng tuổi trẻ".
51.wav|Thầy Duy lật qua từng trang giấy trắng tinh, thơm mùi mực mới.
52.wav|Đa số học sinh đều viết về những hoài bão rực rỡ: trở thành bác sĩ, kỹ sư, hay những doanh nhân thành đạt.
53.wav|Những dòng chữ ngay ngắn, những lời văn chau chuốt, tròn trịa nhưng lại có phần rập khuôn, thiếu đi cái hồn cốt thật sự của cảm xúc.
54.wav|Thầy Duy khẽ thở dài, cho đến khi thầy chạm tay vào một cuốn tập có bìa màu xanh thẫm, cũ kỹ và hơi sờn góc.
55.wav|Trên nhãn vở ghi vỏn vẹn hai chữ: An Nhiên.
56.wav|Trái ngược hoàn toàn với vẻ ngoài lầm lì, bất cần trên lớp, nét chữ của An Nhiên lại vô cùng bay bổng nhưng đầy lực đạo.
57.wav|Thầy Duy bắt đầu đọc và ngay lập tức bị cuốn vào một thế giới hoàn toàn khác.
58.wav|An Nhiên không viết về những đóa hoa hay ánh nắng.
59.wav|Tiêu đề bài văn của cô là: "Mùi của sự mục nát".
60.wav|Trong bài, An Nhiên mô tả về một khu vườn nhìn bề ngoài thì xanh tươi, nhưng ẩn sâu dưới gốc rễ là những mầm bệnh đang âm thầm gặm nhấm.
61.wav|Cô dùng những từ ngữ sắc lẹm để chỉ trích sự giả tạo, nơi những nụ cười được trưng ra để che đậy những nỗi đau thầm kín.
62.wav|"Trong một môi trường mà sự hoàn hảo trở thành một loại áp lực, thì sự thật chính là kẻ thù của tất cả mọi người," một dòng văn khiến thầy Duy phải dừng lại, sống lưng khẽ lạnh đi.
63.wav|Đây không đơn thuần là một bài văn.
64.wav|Đây là một bản cáo trạng đầy nghệ thuật.
65.wav|Thầy Duy định đặt bút chấm điểm mười cho tư duy độc đáo này, nhưng rồi thầy chợt nhận ra một điều bất thường.
66.wav|Dưới ánh đèn vàng, thầy phát hiện có những nét gạch chân bằng bút chì rất nhạt, nhạt đến mức nếu không nhìn kỹ ở một góc nghiêng, người ta sẽ tưởng đó chỉ là những vết hằn vô ý.
67.wav|Thầy Duy lấy một tờ giấy trắng, cẩn thận chép lại những chữ cái được gạch chân ấy.
68.wav|Tim thầy đập nhanh hơn khi những mảnh ghép rời rạc bắt đầu hiện ra hình hài.
69.wav|"C - Ứ - U - L - A - N - 1 - 2 - A - 4"
70.wav|Thầy Duy bàng hoàng nhìn lại dòng chữ mình vừa chép ra: "Cứu Lan 12A4".
71.wav|Thầy vội vã lật lại danh sách lớp.
72.wav|Lan chính là cô học trò nhỏ bé, nhút nhát thường ngồi ở dãy bàn đầu, người luôn cúi gằm mặt và không bao giờ lên tiếng trong giờ học.
73.wav|Trong bài làm văn của Lan mà thầy Duy vừa chấm lúc nãy, cô bé chỉ viết vỏn vẹn nửa trang giấy với những ý tứ rời rạc, đầy lo âu về việc "phải làm hài lòng tất cả mọi người".
74.wav|Tại sao An Nhiên lại dùng cách này để gửi thông điệp?
75.wav|Tại sao một cô gái vốn được coi là "cá biệt", "không quan tâm đến sự đời" lại bí mật kêu cứu cho một người bạn khác?
76.wav|Thầy Duy nhìn ra ngoài cửa sổ, màn đêm đen kịt che khuất những tán cây trong sân trường.
77.wav|Ngôi trường này, lớp học 12A4 này, dường như đang ẩn chứa những đợt sóng ngầm mà một người giáo viên mới ra trường như thầy chưa thể lường hết được.
78.wav|Thầy cầm bút, ghi con số mười tròn trĩnh vào bài làm của An Nhiên, nhưng kèm theo đó là một dòng nhận xét ngắn gọn: "Văn phong của em rất đặc biệt.
79.wav|Thầy đã đọc được hết những gì em muốn viết."
80.wav|Thầy Duy biết mình đang bước vào một trò chơi trí tuệ đầy nguy hiểm.
81.wav|Nhưng nhìn vào dòng chữ "Cứu Lan" trên mặt giấy, thầy hiểu rằng mình không thể đứng ngoài cuộc.
82.wav|Đằng sau những bức tường sơn vàng sạch đẹp của ngôi trường chuyên này, có những tiếng kêu cứu đang bị bóp nghẹt, và An Nhiên đã chọn thầy là người duy nhất để gửi gắm niềm hy vọng cuối cùng.
83.wav|Đêm đó, thầy Duy không ngủ.
84.wav|Thầy bắt đầu lên kế hoạch để tìm hiểu về cô học sinh tên Lan, nhưng phải làm sao để không khiến những "kẻ giấu mặt" trong bóng tối cảnh giác.
85.wav|Sáng thứ Hai, bầu trời phía trên ngôi trường chuyên dường như cao và xanh hơn, nhưng trong lòng thầy Duy lại nặng trĩu một nỗi bất an không tên.
86.wav|Dòng chữ "Cứu Lan 12A4" hiện ra từ những nét gạch chân mong manh trong bài văn của An Nhiên cứ ám ảnh thầy suốt đêm trắng.
87.wav|Thầy bước vào lớp, ánh mắt vô thức tìm kiếm bóng dáng của Lan.
88.wav|Lan ngồi ở dãy bàn đầu tiên, ngay dưới tầm mắt của giáo viên.
89.wav|Cô học trò nhỏ bé ấy dường như đang cố gắng thu mình lại hết mức có thể.
90.wav|Đôi vai Lan hơi nhô lên, đầu cúi thấp đến mức tóc mai che khuất nửa khuôn mặt.
91.wav|Khi thầy Duy bước ngang qua để lên bục giảng, thầy nhận thấy đôi bàn tay Lan đang siết chặt lấy mép vở, những đầu ngón tay trắng bệch vì thiếu máu.
92.wav|Ngược lại với sự run rẩy của Lan, nhóm học sinh ngồi ở giữa lớp – những gương mặt luôn đại diện cho sự ưu tú và thành đạt – lại đang tươi cười rạng rỡ.
93.wav|Họ thảo luận về những chuyến du lịch và những điểm số cao ngất ngưỡng.
94.wav|Sự đối lập giữa vẻ rực rỡ của họ và sự héo hắt của Lan khiến thầy Duy cảm thấy lồng ngực mình thắt lại.
95.wav|Giờ giải lao, thầy Duy không về phòng hội đồng ngay.
96.wav|Thầy giả vờ đứng lại ở ban công hành lang, lén quan sát dòng người đi lại.
97.wav|Khi Lan vừa ôm cặp bước ra khỏi cửa lớp để đi về phía thư viện, ba học sinh khác – dẫn đầu bởi cô lớp trưởng xinh đẹp – cũng lặng lẽ bám theo.
98.wav|Thầy Duy giữ một khoảng cách đủ xa để không bị phát hiện.
99.wav|Đến khúc quanh của cầu thang dẫn xuống khu nhà chức năng, tiếng bước chân đột ngột dừng lại.
100.wav|Thầy Duy rón rén tiến gần, nép mình sau bức tường đá lạnh lẽo.
101.wav|Thầy nghe thấy những tiếng thầm thì, không phải là tiếng quát tháo hay chửi bới, mà là những lời mỉa mai được thốt ra với giọng điệu vô cùng lịch sự nhưng lại sắc lạnh như dao:
102.wav|"Lan ơi, bài kiểm tra sắp tới em biết mình phải làm gì rồi đúng không?
103.wav|Đừng để mọi người phải thất vọng về sự 'giúp đỡ' bấy lâu nay nhé."
104.wav|Lan không đáp lời, chỉ có tiếng nấc nghẹn bị kìm nén trong cổ họng.
105.wav|Thầy Duy không thể đứng yên được nữa, thầy hắng giọng một tiếng thật lớn rồi bước ra khỏi góc khuất.
106.wav|Ngay lập tức, bầu không khí thay đổi đến chóng mặt.
107.wav|Ba học sinh kia xoay người lại, gương mặt vừa rồi còn đầy vẻ đe dọa giờ đây đã được thay thế bằng những nụ cười lễ phép và sự ngây thơ hoàn hảo.
108.wav|"Ôi, thầy Duy!
109.wav|Thầy cũng xuống thư viện ạ?" Cô lớp trưởng nghiêng đầu, giọng nói ngọt ngào như mật.
110.wav|Thầy Duy nhìn xoáy vào mắt cô học trò ưu tú, giọng thầy trầm xuống: "Các em đang làm gì ở đây?"
111.wav|"Dạ, chúng em chỉ đang nhắc bạn Lan về lịch học nhóm chiều nay thôi ạ.
112.wav|Đúng không Lan?" Một học sinh khác lên tiếng, tay khẽ chạm vào vai Lan một cách thân thiết, nhưng thầy Duy thấy Lan khẽ rùng mình lùi lại.
113.wav|Lan vẫn cúi gằm mặt, đôi mắt dán chặt vào mũi giày, chỉ khẽ gật đầu một cách vô hồn.
114.wav|Trong không gian hẹp của hành lang, sự im lặng bao trùm như một làn sương dày đặc.
115.wav|Đó không phải là sự im lặng của sự bình yên, mà là sự im lặng của nỗi sợ hãi đã bị đóng băng.
116.wav|"Các em về lớp đi, thầy có việc cần nói riêng với Lan," thầy Duy ra lệnh.
117.wav|Nhóm học sinh kia chào thầy rồi thong thả rời đi, tiếng cười nói lại vang lên như chưa từng có chuyện gì xảy ra.
118.wav|Khi bóng họ vừa khuất, thầy Duy định tiến lại gần Lan thì bất chợt cảm thấy một ánh mắt đang nhìn mình từ phía ban công tầng trên.
119.wav|Thầy ngước lên.
120.wav|Ở đó, An Nhiên đang tựa lưng vào lan can, đôi tay khoanh trước ngực.
121.wav|Cô học trò cá biệt không ngủ gật, cũng không đọc sách.
122.wav|Cô chỉ đứng đó, lặng lẽ quan sát toàn bộ sự việc.
123.wav|Ánh mắt cô lạnh lùng và đầy vẻ thử thách, như thể đang muốn hỏi: "Thầy đã thấy rồi đó, nhưng liệu thầy có dám làm gì không, hay cũng chỉ là một người qua đường như bao người khác?"
124.wav|An Nhiên không nói lời nào, cô chỉ khẽ nhếch môi rồi quay lưng bước vào bóng tối của hành lang tầng trên.
125.wav|Thầy Duy nhìn theo bóng dáng đơn độc ấy, rồi lại nhìn Lan đang đứng run rẩy trước mặt.
126.wav|Thầy hiểu rằng, những bức thư tố giác giấu trong tập bài tập không phải là trò đùa của một học sinh nghịch ngợm.
127.wav|Đó là một lời kêu cứu thực sự, một bài toán về đạo đức mà cuộc đời đang đặt lên bàn giáo viên của thầy.
128.wav|Hành lang trường học vẫn sạch đẹp, những tấm bằng khen vẫn treo trang trọng trên tường, nhưng thầy Duy biết, dưới lớp vỏ bọc hoàn hảo đó là những tiếng kêu cứu đang bị bóp nghẹt bởi sự im lặng đáng sợ.
129.wav|Không khí của lớp 12A4 sau sự việc của Lan dường như càng trở nên ngột ngạt hơn, dù bề ngoài vẫn là vẻ bình lặng đến lạ kỳ.
130.wav|Những nụ cười vẫn nở trên môi nhóm học sinh ưu tú, tiếng thảo luận bài vở vẫn vang lên đều đặn, nhưng thầy Duy cảm nhận rõ một bức tường ngăn cách vô hình đang được dựng lên xung quanh mình.
131.wav|Cuối giờ học Văn ngày thứ Sáu, An Nhiên chậm rãi bước lên bục giảng.
132.wav|Cô đặt một cuốn tập mỏng lên bàn, giọng nói vẫn giữ vẻ thản nhiên như thường lệ:
133.wav|"Thầy Duy, đây là bài tập bù cho tuần trước tôi còn nợ."
134.wav|Thầy Duy nhìn vào đôi mắt của An Nhiên.
135.wav|Có một điều gì đó trong ánh nhìn ấy như đang thúc giục, như đang thử thách sự kiên nhẫn của thầy.
136.wav|Thầy khẽ gật đầu, thu lấy cuốn tập và cất vào cặp.
137.wav|Tối hôm đó, thầy Duy dành sự ưu tiên tuyệt đối cho bài làm của An Nhiên.
138.wav|Đề bài là phân tích vẻ đẹp của lòng khát khao sống trong thơ Xuân Diệu.
139.wav|Thầy Duy mở trang giấy, và một lần nữa, thầy lại bị choáng ngợp bởi khả năng ngôn ngữ của cô học trò cá biệt.
140.wav|An Nhiên viết về "Vội vàng", về sự cuống quýt của nhà thơ trước bước đi của thời gian.
141.wav|Nhưng ở phần liên hệ thực tế, ngòi bút của cô đột ngột trở nên sắc lạnh và đầy ám ảnh.
142.wav|"Có những người vội vã không phải vì yêu cuộc sống, mà vội vã để che đậy những vết nứt trong linh hồn.
143.wav|Giống như một khu vườn rực rỡ sắc hoa nhưng bên dưới lớp đất màu mỡ lại là nơi trú ngụ của một con quái vật đội lốt thiên thần.
144.wav|Nó ăn mòn lòng tự trọng của người khác để nuôi béo sự kiêu hãnh giả tạo của chính mình."
145.wav|Thầy Duy dừng lại ở cụm từ "con quái vật đội lốt thiên thần".
146.wav|Thầy bắt đầu thực hiện lại thao tác cũ: tìm kiếm những dấu hiệu gạch chân.
147.wav|Lần này, An Nhiên không gạch chân từng chữ cái, mà cô dùng những nét chấm rất nhỏ dưới các danh từ riêng và các con số được lồng ghép khéo léo trong các câu thơ.
148.wav|Khi kết nối lại, thầy Duy bàng hoàng nhận ra đó là một danh sách: danh sách các mã đề kiểm tra toán và những con số tương ứng với điểm số của nhóm học sinh đứng đầu lớp.
149.wav|"Đây không chỉ là bắt nạt nữa," thầy Duy thì thầm với chính mình, đôi tay thầy hơi run lên.
150.wav|"Đây là một hệ thống gian lận có tổ chức."
151.wav|Lời tố cáo của An Nhiên vô cùng tinh vi.
152.wav|Cô ám chỉ rằng sự ưu tú của lớp 12A4 không hoàn toàn đến từ nỗ lực, mà đến từ một "thỏa thuận ngầm" nào đó.
153.wav|"Con quái vật" mà cô nhắc đến có lẽ chính là kẻ cầm đầu nhóm học sinh này, kẻ đã sử dụng quyền lực và sức ép tâm lý để bắt những người yếu thế như Lan phải phục tùng hoặc làm bia đỡ đạn cho những sai phạm.
154.wav|Thầy Duy dựa lưng vào ghế, nhìn lên trần nhà.
155.wav|Thầy nhớ lại vẻ mặt tự tin đến mức kiêu ngạo của lớp trưởng lớp 12A4 – một học sinh luôn nhận được sự ưu ái tuyệt đối từ các giáo viên khác.
156.wav|Phải chăng đó chính là "thiên thần" mà An Nhiên đang nhắc tới?
157.wav|Sự thật mà An Nhiên phơi bày qua những dòng văn chương lộng lẫy kia quá nặng nề đối với một giáo viên trẻ.
158.wav|Nếu thầy công khai điều này mà không có bằng chứng xác thực, không chỉ sự nghiệp của thầy kết thúc, mà An Nhiên cũng sẽ gặp nguy hiểm thực sự.
159.wav|Cô học trò ấy đang đánh cược bằng cách đưa cho thầy chìa khóa của một chiếc hộp đen đầy rẫy những tiêu cực.
160.wav|Thầy Duy lấy bút đỏ, thay vì ghi nhận xét như thường lệ, thầy chỉ vẽ một hình tròn nhỏ bao quanh chữ "Tin" trong đoạn cuối bài văn của An Nhiên.
161.wav|Đó là câu trả lời của thầy.
162.wav|Thầy đã nhận được thông điệp, và thầy tin cô.
163.wav|Đêm đó, thầy Duy bắt đầu mở máy tính, không phải để soạn giáo án, mà để xâu chuỗi lại các sự kiện.
164.wav|Thầy nhận ra mình không thể chỉ là một người thầy dạy Văn thuần túy.
165.wav|Để bảo vệ những học trò như Lan và để xứng đáng với sự tin tưởng của An Nhiên, thầy phải trở thành một người điều tra trong bóng tối, bắt đầu từ những mắt xích nhỏ nhất trong cái hệ thống "hoàn hảo" nhưng đầy mục rỗng này.
166.wav|Sân trường hôm nay rộn ràng hơn hẳn mọi ngày.
167.wav|Những chiếc xe sang trọng nối đuôi nhau đậu kín cổng trường.
168.wav|Buổi họp phụ huynh đầu học kỳ của lớp 12A4 diễn ra trong một bầu không khí trang trọng đến mức cứng nhắc.
169.wav|Thầy Duy đứng trên bục giảng, nhìn xuống những gương mặt đại diện cho sự thành đạt và quyền lực của thành phố.
170.wav|Thầy Duy hiểu rằng, để bóc tách được sự thật mà An Nhiên đã gửi gắm, thầy không thể hành động bộc phát.
171.wav|Thầy chọn cách đóng vai một giáo viên trẻ mới ra trường, có chút lóng ngóng và luôn lắng nghe ý kiến của phụ huynh một cách cầu thị.
172.wav|Đây là vỏ bọc hoàn hảo để thầy quan sát "thế giới người lớn" đằng sau những điểm số của học trò.
173.wav|"Thầy Duy ạ, lớp 12A4 là bộ mặt của trường.
174.wav|Chúng tôi mong thầy chú trọng vào việc duy trì thành tích cho các con," cha của lớp trưởng – một người đàn ông có phong thái đĩnh đạc nhưng ánh mắt luôn toát ra sự áp đặt – lên tiếng.
175.wav|Xung quanh ông, những phụ huynh khác gật đầu tán thưởng, tạo nên một vòng tròn đồng thuận đầy quyền uy.
176.wav|Thầy Duy mỉm cười, ánh mắt khẽ lướt qua phía cuối phòng họp, nơi mẹ của Lan đang ngồi khép nép ở góc bàn.
177.wav|Bà ăn mặc giản dị, đôi bàn tay gầy guộc đan chặt vào nhau, ánh mắt lộ rõ vẻ lo âu khi nghe về những tiêu chuẩn thành tích cao ngất ngưỡng.
178.wav|Sự đối lập giữa hai hình ảnh ấy khiến thầy Duy cảm thấy nhói lòng.
179.wav|Sau buổi họp, thầy Duy không về ngay.
180.wav|Thầy nán lại ở hành lang, giả vờ kiểm tra lại sổ sách nhưng thực chất là để quan sát những cuộc đối thoại riêng tư.
181.wav|"Con phải giữ vững vị trí đó, không được để bất cứ ai vượt mặt," tiếng quát khẽ của một vị phụ huynh dành cho con mình ở góc cầu thang lọt vào tai thầy.
182.wav|Đứa trẻ ấy chỉ cúi đầu, đôi vai run lên bần bật.
183.wav|Đó chính là thực tế của cái gọi là "khát vọng tuổi trẻ" mà cả lớp đã viết trong bài văn tuần trước: một sự ép buộc đến kiệt sức.
184.wav|Thầy Duy bắt đầu ghi chép thầm lặng vào một cuốn sổ tay cá nhân.
185.wav|Thầy không ghi về điểm số, mà ghi về những mối liên kết.
186.wav|Thầy nhận ra nhóm học sinh ưu tú luôn nhận được những thông tin đặc biệt từ văn phòng hội đồng, và cha của lớp trưởng lại có mối quan hệ rất mật thiết với vị giáo viên kỳ cựu đang nắm giữ quyền quyết định đề thi của khối.
187.wav|Bất ngờ, một bóng dáng quen thuộc xuất hiện ở ban công tầng hai.
188.wav|Là An Nhiên.
189.wav|Cô không có phụ huynh đi họp, cũng không tham gia vào những nhóm bạn đang xì xào bàn tán.
190.wav|An Nhiên đứng đó, đơn độc giữa đám đông, đôi mắt lạnh lùng nhìn xuống sân trường như đang quan sát một vở kịch hài hước nhưng đầy cay đắng.
191.wav|Ánh mắt của An Nhiên và thầy Duy chạm nhau giữa không trung.
192.wav|Cô không chào, cũng không tránh né.
193.wav|Cô chỉ khẽ nhếch môi, một nụ cười ẩn chứa sự mỉa mai như muốn hỏi: "Thầy đã thấy hết sự mục nát ở đây chưa?"
194.wav|Thầy Duy khẽ gật đầu với cô học trò.
195.wav|Cái gật đầu ấy thay cho một lời hứa.
196.wav|Thầy sẽ không chỉ là người đứng trên bục giảng để đọc những bài văn hay, thầy sẽ là người đi sâu vào bóng tối để tìm lại sự công bằng đã bị đánh cắp.
197.wav|Những bước chân của thầy Duy trên hành lang vắng lặng khi ra về mang theo một sức nặng mới.
198.wav|Thầy biết mình đang đối đầu với cả một mạng lưới lợi ích đan xen chặt chẽ.
199.wav|Nhưng mỗi dòng chữ kêu cứu của An Nhiên, mỗi ánh mắt sợ hãi của Lan là một động lực khiến thầy không thể lùi bước.
200.wav|Cuộc điều tra của kẻ hành pháp thầm lặng đã chính thức bắt đầu, không có kèn trống, không có sự ủng hộ công khai, chỉ có sự kiên định và một trái tim muốn bảo vệ học trò bằng mọi giá.
201.wav|Mưa mỗi lúc một nặng hạt, quất vào những tán lá phượng già tạo nên những âm thanh chát chúa.
202.wav|Sân trường vắng lặng, chỉ còn lại tiếng nước chảy ào ào từ các máng xối.
203.wav|Thầy Duy đứng ở hiên lớp học, tay cầm chiếc ô màu xám, ánh mắt kiên nhẫn nhìn về phía bóng dáng đơn độc đang đứng dưới mái hiên đối diện.
204.wav|An Nhiên không mang ô, cũng không có áo mưa.
205.wav|Cô đứng đó, đôi mắt nhìn đăm đăm vào màn mưa trắng xóa, đôi vai hơi co lại vì cái lạnh bắt đầu thấm qua lớp áo đồng phục mỏng.
206.wav|"An Nhiên, em cầm lấy chiếc ô này mà về.
207.wav|Đứng đây lâu sẽ bị cảm lạnh đấy," Thầy Duy bước tới, giọng nói ấm áp vang lên giữa tiếng mưa.
208.wav|An Nhiên không quay đầu lại, môi cô khẽ nhếch lên một nụ cười đầy mỉa mai: "Thầy Duy không cần phải đóng vai người thầy nhân hậu ở đây.
209.wav|Trường học này không có khán giả đâu."
210.wav|Thầy Duy không hề tự ái.
211.wav|Thầy bước lại gần hơn, che chiếc ô cho cả hai: "Thầy không đóng kịch.
212.wav|Thầy ở lại vì muốn hỏi em về bài văn hôm trước.
213.wav|Về 'khu vườn mục nát' mà em đã miêu tả."
214.wav|Câu nói của Thầy Duy khiến An Nhiên khựng lại.
215.wav|Cô quay sang nhìn thầy, ánh mắt sắc lẹm như muốn xuyên thấu tâm can đối phương: "Thầy đọc rồi sao?
216.wav|Thầy thấy nó thế nào?
217.wav|Có phải rất khó nghe, rất phản cảm không?"
218.wav|"Không," Thầy Duy nhìn thẳng vào mắt cô, giọng nói trở nên nghiêm túc.
219.wav|"Nó rất thật.
220.wav|Và vì nó quá thật nên nó mới khiến người ta sợ hãi.
221.wav|Thầy đã đọc được tất cả những gì em giấu sau những con chữ đó.
222.wav|Thầy biết em đang cố gắng vạch trần những điều xấu xa đang diễn ra trong lớp học này."
223.wav|An Nhiên khẽ rùng mình.
224.wav|Lần đầu tiên, lớp vỏ bọc bất cần của cô bị lung lay.
225.wav|Cô lùi lại một bước, giọng nói run run nhưng vẫn cố tỏ ra cứng cỏi: "Thầy biết thì đã sao?
226.wav|Một giáo viên trẻ như thầy thì làm được gì?
227.wav|Thầy có biết những kẻ đứng sau chuyện này là ai không?
228.wav|Họ có quyền lực, có tiền bạc.
229.wav|Thầy chỉ là một hạt cát thôi, đừng tự chuốc họa vào thân."
230.wav|Thầy Duy tiến lên một bước, thu hẹp khoảng cách.
231.wav|Ánh nhìn của thầy không còn là sự bao dung đơn thuần, mà là sự kiên định của một người bảo vệ: "Có lẽ thầy chỉ là một hạt cát, nhưng nhiều hạt cát có thể tạo nên một sa mạc.
232.wav|An Nhiên, văn chương của em rất đẹp.
233.wav|Nó sắc sảo và mạnh mẽ vô cùng.
234.wav|Nhưng thầy muốn nói với em một điều..."
235.wav|Thầy dừng lại một chút, để những lời tiếp theo thấm sâu vào không gian: "Ngôn từ của em không nên chỉ được dùng để tố cáo hay vạch trần cái xấu.
236.wav|Nó còn có một sứ mệnh cao cả hơn, đó là chữa lành.
237.wav|Em dùng văn chương làm vũ khí để chiến đấu, điều đó không sai.
238.wav|Nhưng đừng để lòng thù hận làm mờ đi vẻ đẹp trong tâm hồn em.
239.wav|Hãy dùng nó để bảo vệ những người như Lan, và để chữa lành cho chính những thương tổn mà em đang gánh chịu."
240.wav|An Nhiên đứng lặng đi.
241.wav|Những lời của Thầy Duy như một luồng điện chạy dọc sống lưng cô.
242.wav|Từ trước đến nay, người ta chỉ thấy cô là một học sinh hư hỏng, một kẻ nổi loạn.
243.wav|Chưa một ai nói với cô rằng tâm hồn cô đẹp, chưa một ai bảo cô hãy dùng tài năng để chữa lành.
244.wav|Dưới màn mưa trắng xóa, An Nhiên bỗng thấy mắt mình cay xè.
245.wav|Cô giật lấy chiếc ô từ tay Thầy Duy, không nói một lời nào rồi lao nhanh vào màn mưa.
246.wav|Thầy Duy đứng đó, nhìn theo bóng dáng gầy gò của cô học trò khuất dần sau cổng trường.
247.wav|Thầy biết mình đã chạm đến được góc khuất nhất trong trái tim An Nhiên.
248.wav|Cô có thể chạy trốn khỏi thầy, nhưng cô không thể chạy trốn khỏi những sự thật mà thầy vừa khơi gợi.
249.wav|Cuộc đối thoại dưới mưa hôm nay không chỉ là sự trao đổi về văn chương, mà là lời tuyên chiến thầm lặng đối với sự bất công, và là lời hứa đồng hành giữa một người thầy và một học sinh đang lạc lối.
250.wav|Gió lạnh thổi qua, nhưng trong lòng Thầy Duy lại nhen nhóm một ngọn lửa ấm áp.
251.wav|Thầy tin rằng, những bài văn tiếp theo của An Nhiên sẽ không còn chỉ là những lời tố cáo cay nghiệt, mà sẽ là những tia sáng đầu tiên báo hiệu sự thay đổi của lớp 12A4.
252.wav|Phòng hội đồng vào giờ nghỉ trưa tĩnh lặng đến mức nghe rõ cả tiếng vo ve của chiếc quạt trần cũ kỹ.
253.wav|Không gian nơi đây luôn mang một mùi đặc trưng: mùi của giấy tờ lưu trữ lâu ngày, mùi gỗ mộc và cả sự uy nghiêm có phần áp chế.
254.wav|Thầy Duy đứng trước tủ kính đựng hồ sơ học tập của khối mười hai, đôi tay khẽ siết chặt tập giáo án.
255.wav|Thầy đang tìm kiếm một sự xác nhận.
256.wav|Những con số mà An Nhiên ám chỉ trong bài văn cần được đối chiếu với sổ điểm gốc.
257.wav|"Thầy Duy đang tìm gì ở đó vậy?"
258.wav|Một giọng nói trầm đục, lạnh lẽo vang lên từ phía sau khiến Thầy Duy giật mình.
259.wav|Thầy quay lại và bắt gặp ánh mắt sắc lẹm của Thầy Mạnh – người được mệnh danh là "vị bạo chúa mặt lạnh" của tổ tự nhiên, đồng thời cũng là người nắm giữ quyền quyết định các kỳ thi sát hạch của trường.
260.wav|Thầy Mạnh đứng đó, tay cầm một tách trà bốc khói, gương mặt không một chút biểu cảm.
261.wav|Những nếp nhăn nơi khóe mắt ông không mang lại cảm giác hiền hậu mà giống như những rãnh sâu chứa đựng sự tính toán lâu đời.
262.wav|"Dạ, em định kiểm tra lại một chút về điểm số môn Văn của lớp chủ nhiệm để chuẩn bị cho kỳ thi sắp tới ạ," Thầy Duy cố giữ giọng bình tĩnh, nụ cười lễ phép thường trực trên môi.
263.wav|Thầy Mạnh chậm rãi bước lại gần, mỗi bước chân nện xuống sàn gỗ đều tạo ra một âm thanh khô khốc.
264.wav|Ông nhìn lướt qua ngăn tủ mà Thầy Duy vừa chạm vào, rồi nhìn xoáy vào mắt người đồng nghiệp trẻ.
265.wav|"Điểm số là kết quả của sự nỗ lực.
266.wav|Lớp 12A4 là niềm tự hào của trường, thầy không nên lãng phí thời gian vào những việc vô ích.
267.wav|Thay vào đó, tôi thấy thầy đang dành quá nhiều sự quan tâm cho những học sinh không có tương lai."
268.wav|Thầy Duy khẽ nhíu mày: "Thầy đang nói đến An Nhiên sao ạ?"
269.wav|Thầy Mạnh đặt tách trà xuống bàn một cách dứt khoát, tiếng sứ chạm gỗ vang lên chát chúa.
270.wav|"An Nhiên là một học sinh cá biệt.
271.wav|Sự có mặt của em ta là một sai lầm trong bảng thành tích của lớp 12A4.
272.wav|Tôi nghe nói thầy còn bao che, thậm chí khen ngợi những bài viết mang tư tưởng tiêu cực của em ta?"
273.wav|Bầu không khí trong phòng hội đồng bỗng chốc trở nên ngột ngạt.
274.wav|Thầy Duy cảm nhận được một áp lực vô hình đang đè nặng lên vai mình.
275.wav|Đây không đơn thuần là lời khuyên của tiền bối, mà là một lời cảnh cáo ngầm.
276.wav|"Thưa Thầy Mạnh, em tin rằng không có học sinh nào là không có tương lai, chỉ có những người thầy từ bỏ các em quá sớm thôi.
277.wav|An Nhiên có cái nhìn rất sâu sắc về thực tế," Thầy Duy kiên định đáp lại, đôi mắt không hề né tránh.
278.wav|Thầy Mạnh khẽ nhếch môi, nụ cười không chạm tới ánh mắt.
279.wav|"Nhiệt huyết là tốt, nhưng sự ngây thơ thì có hại.
280.wav|Ở ngôi trường này, sự ổn định và thành tích là trên hết.
281.wav|Nếu thầy cứ tiếp tục đi sâu vào những chuyện không thuộc phận sự của mình, tôi sợ rằng ngay cả vị trí hiện tại thầy cũng khó lòng giữ vững."
282.wav|Nói xong, Thầy Mạnh quay lưng bước đi, để lại một cái bóng dài đổ trên mặt sàn.
283.wav|Thầy Duy đứng lặng, tim đập nhanh vì sự căng thẳng vừa trải qua.
284.wav|Thầy nhận ra một chi tiết quan trọng: trên bàn của Thầy Mạnh có một danh sách khen thưởng, và cái tên đứng đầu chính là lớp trưởng lớp 12A4 – người mà An Nhiên đã ám chỉ là "con quái vật đội lốt thiên thần".
285.wav|Sự liên kết đã rõ ràng.
286.wav|Thầy Mạnh không chỉ là một giáo viên nghiêm khắc, ông chính là người bảo trợ cho hệ thống thành tích giả tạo này.
287.wav|Những lời cảnh cáo của ông càng khẳng định rằng Thầy Duy đang đi đúng hướng.
288.wav|Thầy Duy rời khỏi phòng hội đồng, lòng trĩu nặng nhưng ý chí lại càng thêm đanh thép.
289.wav|Thầy biết mình vừa chính thức chạm tay vào mắt xích đầu tiên của một bộ máy quyền lực.
290.wav|Cuộc chiến này không còn là chuyện riêng của một học sinh cá biệt, mà là cuộc chiến để lấy lại danh dự cho hai chữ "nhà giáo" mà thầy đang mang trên mình.
291.wav|Sáng thứ Hai đầu tuần, không khí lớp 12A4 bao trùm bởi một sự căng thẳng tột độ.
292.wav|Không còn những tiếng cười đùa, thay vào đó là những ánh mắt dò xét, kỳ thị đổ dồn về phía Lan.
293.wav|Một sự việc chấn động vừa xảy ra: số tiền quỹ lớp chuẩn bị cho đợt tham quan cuối năm đã không cánh mà bay khỏi tủ đồ cá nhân của thủ quỹ.
294.wav|Và "tang vật" – một phần số tiền bị mất – lại được tìm thấy ngay trong ngăn bàn của Lan.
295.wav|Thầy Duy bước vào lớp, nhìn thấy Lan đang gục đầu xuống bàn khóc nức nở, trong khi nhóm học sinh ưu tú đứng xung quanh với vẻ mặt đầy chính nghĩa, không ngừng buông những lời mỉa mai.
296.wav|"Thầy xem, chúng em đã tin tưởng bạn ấy như vậy mà..." Lớp trưởng thở dài, vẻ mặt đầy thất vọng nhưng trong đáy mắt lại thoáng hiện một tia đắc thắng.
297.wav|Thầy Duy không vội vã đưa ra kết luận.
298.wav|Thầy yêu cầu cả lớp giữ trật tự và bắt đầu tiết học Văn như bình thường.
299.wav|Tuy nhiên, khi đi ngang qua bàn của An Nhiên, thầy thấy cô đang thong dong xé một mẩu giấy nhỏ từ cuốn vở nháp, vò nát rồi ném vào ngăn bàn giáo viên khi thầy vừa quay đi.
300.wav|Sau tiết học, khi học sinh đã ra sân tập thể dục, thầy Duy quay lại bàn giáo viên.
301.wav|Thầy thò tay vào sâu trong hốc bàn, chạm phải những mảnh giấy nhỏ bị vò nát.
302.wav|Thầy cẩn thận vuốt phẳng chúng ra.
303.wav|Không có một lời tố cáo trực tiếp nào, chỉ có những dòng trích dẫn từ các tác phẩm văn học kinh điển được chép lại một cách nắn nót.
304.wav|Mảnh giấy đầu tiên ghi một đoạn trong truyện ngắn "Chiếc vòng cổ" của nhà văn Guy de Maupassant: "Một sự nhầm lẫn về giá trị có thể phá hủy cả một cuộc đời."
305.wav|Mảnh giấy thứ hai là một đoạn phân tích về nhân vật Thị Kính: "Nỗi oan khuất không nằm ở cái lưỡi của kẻ vu khống, mà nằm ở sự mù quáng của những người đứng xem."
306.wav|Và mảnh giấy cuối cùng, quan trọng nhất, chỉ vỏn vẹn một dòng địa chỉ: "Phía sau bảng tin cuối hành lang - 10 giờ 15 phút tối thứ Sáu."
307.wav|Thầy Duy đứng lặng người.
308.wav|An Nhiên đang dùng văn học để gửi đi một thông điệp vô cùng sâu sắc.
309.wav|Qua hình ảnh "Chiếc vòng cổ", cô muốn ám chỉ rằng số tiền được tìm thấy trong ngăn bàn của Lan chỉ là cái bẫy, là một vật giả tạo để dẫn dụ mọi người đến một kết luận sai lầm.
310.wav|Cô đang nhắc nhở thầy về "Nỗi oan Thị Kính" – một sự dàn dựng tinh vi để đẩy kẻ yếu vào đường cùng.
311.wav|Thầy Duy khẽ thở dài, nhìn ra phía cửa sổ.
312.wav|Ánh nắng gay gắt của buổi trưa chiếu rọi lên những dãy bàn ghế ngay ngắn, nhưng thầy biết, dưới sự ngăn nắp đó là những âm mưu bẩn thỉu đang được vận hành.
313.wav|Tại sao An Nhiên lại biết trước điều này?
314.wav|Và tại sao cô lại chọn mốc thời gian tối thứ Sáu?
315.wav|Thầy Duy cẩn thận kẹp những mảnh giấy vào giữa cuốn sổ tay của mình.
316.wav|Thầy nhìn xuống chỗ ngồi của Lan, nơi vẫn còn vương lại những giọt nước mắt trên mặt gỗ.
317.wav|Sự đối lập giữa vẻ mặt thánh thiện của những "học sinh ưu tú" và nỗi đau đớn tột cùng của một cô gái vô tội khiến lòng thầy thắt lại.
318.wav|Thầy Duy nhận ra rằng, nếu thầy không hành động theo chỉ dẫn của An Nhiên, Lan sẽ mãi mãi mang danh kẻ trộm, và sự nghiệp học hành của cô bé sẽ chấm dứt tại đây.
319.wav|Nhưng hành động vào ban đêm tại trường là một việc làm đầy rủi ro.
320.wav|Nếu bị phát hiện, thầy sẽ bị cáo buộc là xâm nhập bất hợp pháp.
321.wav|"Thầy tin em, An Nhiên," Thầy Duy thì thầm.
322.wav|Thầy quyết định sẽ đi theo những gợi ý này.
323.wav|Những mảnh giấy trong ngăn bàn không chỉ là manh mối, chúng là bài kiểm tra về lòng dũng cảm mà An Nhiên dành cho thầy.
324.wav|Liệu thầy giáo trẻ có dám bước ra khỏi ranh giới an toàn của một viên chức để bảo vệ công lý, hay sẽ nhắm mắt làm ngơ trước sự bất công đang hiện hữu ngay trước mắt?
325.wav|Thầy Duy rời khỏi lớp học với một kế hoạch đang dần hình thành trong đầu.
326.wav|Cuộc chơi này đã nâng lên một tầm cao mới, nơi những trang văn không còn nằm trên giấy mà đang được viết bằng chính vận mạng của những con người trong ngôi trường này.
327.wav|Mười giờ mười lăm phút tối thứ Sáu.
328.wav|Ngôi trường vốn dĩ oai nghiêm ban ngày giờ đây hiện lên như một khối kiến trúc khổng lồ, sừng sững và lạnh lẽo dưới ánh trăng mờ đục.
329.wav|Thầy Duy ép mình vào bóng tối của dãy hành lang tầng trệt, tim đập thình thịch trong lồng ngực.
330.wav|Tiếng bước chân tuần tra của bác bảo vệ xa dần về phía cổng chính, để lại một không gian tĩnh lặng đến mức thầy có thể nghe rõ tiếng hơi thở của chính mình.
331.wav|Theo chỉ dẫn trong mảnh giấy của An Nhiên, thầy Duy lần mò đến khu vực phía sau bảng tin cuối hành lang.
332.wav|Ở đó, khuất sau một tấm bảng thông báo cũ kỹ là một lối đi nhỏ dẫn về phía phòng lưu trữ hồ sơ của tổ tự nhiên – nơi Thầy Mạnh quản lý.
333.wav|Thầy Duy rút chiếc đèn pin nhỏ ra, ánh sáng yếu ớt quét qua ổ khóa.
334.wav|Thầy lấy chìa khóa dự phòng mà mình đã mượn được từ phòng hành chính với lý do "kiểm tra lại hồ sơ thi đua của lớp".
335.wav|Tay thầy hơi run khi tra chìa vào ổ.
336.wav|Một tiếng "cạch" khô khốc vang lên giữa đêm vắng khiến thầy giật mình lùi lại, nhưng may mắn là không có ai nghe thấy.
337.wav|Bên trong phòng lưu trữ, mùi giấy cũ và bụi bặm xộc lên mũi.
338.wav|Thầy Duy nhanh chóng tiến về phía tủ hồ sơ lớp 12A4.
339.wav|Thầy mở ngăn kéo đựng sổ điểm gốc và các bài kiểm tra sát hạch định kỳ.
340.wav|Thầy lật từng trang, mắt quét qua danh sách học sinh.
341.wav|Tại đây, sự đối lập mà An Nhiên từng nhắc đến hiện lên rõ mọt hơn bao giờ hết.
342.wav|Thầy Duy lấy ra bài kiểm tra Toán gần nhất của Lan – cô học trò nhỏ bé đang bị bủa vây bởi oan ức.
343.wav|Bài làm của Lan đầy rẫy những vết gạch xóa, nỗ lực giải quyết các bài toán khó nhưng kết quả cuối cùng chỉ là một con số năm khiêm tốn.
344.wav|Ngay sau đó, thầy lật đến bài làm của lớp trưởng và nhóm học sinh ưu tú.
345.wav|Dưới ánh đèn pin cầm tay, thầy Duy bàng hoàng nhận ra sự thật.
346.wav|Những bài làm này có những bước giải vô cùng sơ sài, thậm chí có những lỗi sai cơ bản, nhưng kết quả cuối cùng vẫn là điểm mười tròn trịa, đỏ chót.
347.wav|Đáng sợ hơn, ở góc mỗi trang giấy đều có một ký hiệu nhỏ bằng bút chì, giống hệt ký hiệu mà thầy Mạnh đã dùng trên danh sách khen thưởng trong phòng hội đồng.
348.wav|Thầy Duy lấy điện thoại ra, bắt đầu chụp lại những bằng chứng thép này.
349.wav|Thầy đối chiếu tên của những học sinh được nâng điểm với danh sách phụ huynh đã xuất hiện trong buổi họp hôm trước.
350.wav|Tất cả đều là con em của những người có sức ảnh hưởng, những người đã lớn tiếng yêu cầu thầy phải "duy trì thành tích".
351.wav|"Hóa ra, thành tích của lớp 12A4 được xây dựng trên sự gian dối và máu thịt của những học sinh không có quyền thế," thầy Duy thì thầm, lòng dâng lên một nỗi phẫn uất tột cùng.
352.wav|Đúng lúc đó, một tiếng động lạ vang lên phía ngoài cửa sổ.
353.wav|Thầy Duy vội vã tắt đèn pin, nấp sau chiếc tủ gỗ lớn.
354.wav|Qua khe cửa, thầy thấy một bóng dáng gầy gò đang đứng ở sân trường.
355.wav|Là An Nhiên.
356.wav|Cô không vào trong, chỉ đứng đó như một người lính gác thầm lặng, đôi mắt nhìn chằm chằm về phía văn phòng hiệu bộ.
357.wav|An Nhiên dường như biết thầy đang ở bên trong.
358.wav|Cô khẽ đưa tay lên, làm một ký hiệu chỉ về hướng cổng sau rồi biến mất vào bóng tối.
359.wav|Thầy Duy hiểu ý, nhanh chóng sắp xếp lại hồ sơ như cũ, khóa cửa và rời đi theo lối thoát hiểm phía sau.
360.wav|Về đến căn phòng trọ nhỏ, thầy Duy không thể nào chợp mắt.
361.wav|Thầy ngồi trước những bức ảnh vừa chụp được, đối diện với những con số vô hồn nhưng chứa đựng đầy rẫy sự bất công.
362.wav|Một bên là sự nghiệp vừa mới bắt đầu, một bên là danh dự của nghề giáo và tương lai của những học sinh bị chà đạp.
363.wav|Thầy nhớ lại dòng chữ "Cứu Lan" trong bài văn của An Nhiên.
364.wav|Giờ đây, thầy đã hiểu Lan chỉ là một nạn nhân nhỏ trong một âm mưu lớn hơn.
365.wav|Để cứu Lan, thầy phải lật đổ cả một hệ thống giả tạo đã tồn tại từ lâu tại ngôi trường này.
366.wav|Đêm trắng trôi qua trong sự im lặng đáng sợ.
367.wav|Khi ánh bình minh đầu tiên rạng rỡ phía chân trời, thầy Duy đã đưa ra quyết định của mình.
368.wav|Thầy sẽ không im lặng.
369.wav|Thầy sẽ dùng chính những con số này để đòi lại công lý cho học trò, dù cái giá phải trả có là gì đi chăng nữa.
370.wav|Chiều thứ Bảy, sân trường vắng lặng đến tê người.
371.wav|Những dải nắng cuối ngày yếu ớt hắt lên những bức tường vàng rêu phong, tạo nên những cái bóng dài hun hút.
372.wav|Thầy Duy vừa rời khỏi văn phòng sau một cuộc họp căng thẳng với tổ bộ môn thì chợt nhận ra mình để quên chìa khóa phòng trọ trong ngăn bàn giáo viên.
373.wav|Thầy quay trở lại dãy nhà học chính.
374.wav|Khi bước qua cầu thang dẫn lên sân thượng của thư viện cũ – một khu vực vốn đã bị phong tỏa để chờ sửa chữa – thầy khựng lại bởi một âm thanh lạ.
375.wav|Đó là tiếng nấc nghẹn ngào, đứt quãng, xen lẫn tiếng gió rít qua khe cửa gỗ mục nát.
376.wav|Trực giác của một người thầy mách bảo có chuyện chẳng lành, Thầy Duy vội vã chạy lên những bậc thang bám đầy bụi.
377.wav|Khi cánh cửa sân thượng mở toang, một cảnh tượng kinh hoàng đập vào mắt thầy.
378.wav|Lan đang đứng chênh vênh trên mép lan can gạch cũ kỹ.
379.wav|Đôi mắt cô học trò nhỏ sưng húp vì khóc quá nhiều, ánh nhìn đờ đẫn hướng về khoảng không vô định phía dưới.
380.wav|Gió thổi mạnh làm tà áo đồng phục của Lan bay phần phật, trông cô bé như một cánh chim non sắp sửa gục ngã trước cơn bão lớn.
381.wav|"Lan!
382.wav|Dừng lại!" Thầy Duy hét lên, giọng run rẩy nhưng cố giữ sự khẩn thiết.
383.wav|"Thầy đừng lại gần..." Lan thào thào, giọng nói lạc đi.
384.wav|"Em không chịu nổi nữa.
385.wav|Mọi người nói em là kẻ trộm.
386.wav|Ba mẹ cũng không tin em.
387.wav|Em cố gắng học nhưng điểm số lúc nào cũng chỉ là sự sỉ nhục.
388.wav|Em...
389.wav|em muốn kết thúc tất cả."
390.wav|Ở góc tối phía sau cánh cửa, một bóng dáng khác cũng vừa lao đến.
391.wav|Là An Nhiên.
392.wav|Cô học trò vốn lạnh lùng giờ đây gương mặt trắng bệch, đôi bàn tay siết chặt lấy thanh sắt rào chắn.
393.wav|An Nhiên nhìn Lan, rồi nhìn Thầy Duy, hơi thở dồn dập.
394.wav|Cô hiểu rõ nhất nỗi đau mà Lan đang chịu đựng, vì cô chính là người đã âm thầm quan sát và ghi lại tất cả.
395.wav|"Lan, nghe thầy nói đây," Thầy Duy tiến lên một bước rất chậm, đôi tay đưa ra phía trước như muốn che chở.
396.wav|"Thầy đã biết hết rồi.
397.wav|Thầy biết em không lấy tiền.
398.wav|Thầy biết những con số mười kia là giả dối và sự nỗ lực của em mới là thật.
399.wav|Thầy đã có bằng chứng trong tay.
400.wav|Đừng bỏ cuộc ngay lúc này, khi sự thật sắp được phơi bày."
401.wav|Lan khẽ quay đầu lại, đôi mắt đẫm lệ nhìn Thầy Duy: "Thầy...
402.wav|thầy nói thật chứ?"
403.wav|"Thầy lấy danh dự của một người giáo viên ra để thề với em," Thầy Duy nói bằng giọng cương quyết nhất có thể.
404.wav|"Nếu em rời bỏ bây giờ, những kẻ xấu xa kia sẽ chiến thắng.
405.wav|Chúng sẽ tiếp tục dùng sự im lặng của em để xây dựng đế chế giả tạo của chúng.
406.wav|Hãy tin thầy, thêm một lần này thôi."
407.wav|Ngay khoảnh khắc Lan loạng choạng vì một cơn gió mạnh, Thầy Duy đã lao tới, vòng tay ôm chặt lấy cô học trò và kéo mạnh cô bé vào phía trong sàn bê tông an toàn.
408.wav|Cả hai ngã nhào xuống đất.
409.wav|Lan oà khóc nức nở trong vòng tay thầy, những uất ức kìm nén bấy lâu nay vỡ ra thành những tiếng gào xé lòng.
410.wav|An Nhiên đứng lặng ở đó, nhìn cảnh tượng trước mắt.
411.wav|Ánh nắng cuối cùng của ngày tàn đậu trên bờ vai đang rung lên của Thầy Duy.
412.wav|Cô thấy thầy không chỉ cứu một mạng người, mà đang cứu vớt cả niềm tin vốn đã nguội lạnh của cô vào sự công bằng.
413.wav|Lần đầu tiên kể từ khi gặp mặt, An Nhiên bước lại gần, cúi xuống và đặt bàn tay mình lên vai Lan, rồi khẽ nhìn Thầy Duy.
414.wav|Trong ánh mắt của cô học sinh cá biệt lúc này không còn sự mỉa mai, thách thức hay hoài nghi.
415.wav|Thay vào đó là một sự trân trọng sâu sắc xen lẫn niềm hy vọng le lói.
416.wav|"Cảm ơn thầy," An Nhiên nói rất nhỏ, nhưng Thầy Duy nghe rõ mồn một.
417.wav|Chiều hôm đó, dưới mái hiên của thư viện cũ, một liên minh không chính thức đã được hình thành.
418.wav|Một người thầy giáo trẻ sẵn sàng hy sinh sự nghiệp và một cô học trò dùng ngòi bút làm vũ khí, họ đã tìm thấy nhau trong khoảnh khắc cận kề cái chết của một người bạn.
419.wav|Thầy Duy nhìn An Nhiên, gật đầu khẳng định.
420.wav|Thầy biết, sau sự cố này, cuộc đối đầu giữa thầy và những thế lực đen tối trong trường sẽ chính thức bước vào giai đoạn quyết liệt nhất.
421.wav|Không còn là những mảnh giấy giấu kín hay những dòng văn ẩn dụ, họ sẽ phải cùng nhau đưa sự thật ra ánh sáng, dù cái giá phải trả có thể khiến tất cả tan vỡ.
422.wav|Sáng thứ Hai, thay vì tiếng loa phát thanh thông báo tin tức như thường lệ, một thông báo triệu tập khẩn cấp được gửi đến Thầy Duy.
423.wav|Nội dung ngắn gọn nhưng đủ để khiến bất kỳ giáo viên nào cũng phải lo ngại: Họp hội đồng kỷ luật bất thường tại phòng Hiệu trưởng.
424.wav|Khi Thầy Duy bước vào, căn phòng đã đầy nghẹt hơi người nhưng lại mang một sự lạnh lẽo đến kỳ lạ.
425.wav|Thầy Mạnh ngồi ở dãy bàn đầu, gương mặt vẫn không một chút biểu cảm, đôi tay đan chặt vào nhau đặt trên mặt bàn gỗ bóng loáng.
426.wav|Xung quanh là những thành viên cốt cán của nhà trường, những người luôn tôn thờ bảng thành tích như một loại tín ngưỡng không thể xâm phạm.
427.wav|"Thầy Duy, chúng tôi mời thầy đến đây để thảo luận về trường hợp của học sinh An Nhiên," Thầy Hiệu trưởng mở lời, giọng nói đều đều nhưng chứa đựng sức nặng của quyền uy.
428.wav|"Những biểu hiện của em ta trong thời gian qua, từ việc viết lách những nội dung tiêu cực đến thái độ bất cần, đã vượt quá giới hạn chịu đựng của nhà trường."
429.wav|Thầy Mạnh tiếp lời, giọng nói sắc lẹm như dao: "Đặc biệt là sau sự cố suýt xảy ra tại thư viện cũ.
430.wav|Mặc dù chúng ta đã kịp thời ngăn chặn, nhưng sự hiện diện của một học sinh như An Nhiên đang gây ra tâm lý hoang mang và làm xấu đi hình ảnh của lớp chọn 12A4.
431.wav|Chúng tôi đề xuất phương án buộc thôi học đối với em ta để làm sạch môi trường sư phạm."
432.wav|Thầy Duy cảm thấy một luồng điện chạy dọc sống lưng.
433.wav|Họ đang muốn biến An Nhiên thành vật tế thần để che đậy những sai phạm mà cô học trò này đã phát hiện ra.
434.wav|Họ muốn nhổ tận gốc cái gai trong mắt trước khi nó kịp làm lộ ra những vết mủ bên trong.
435.wav|"Thưa hội đồng," Thầy Duy đứng dậy, giọng nói vang lên dõng dạc, phá tan bầu không khí ngột ngạt.
436.wav|"Tôi là giáo viên chủ nhiệm của An Nhiên, và tôi phản đối quyết định này.
437.wav|An Nhiên không phải là nguyên nhân của sự bất ổn, em ấy chính là nạn nhân của một hệ thống đang vận hành sai lệch."
438.wav|"Thầy Duy!
439.wav|Hãy cẩn trọng lời nói của mình!" Thầy Mạnh đập bàn, ánh mắt tóe lửa.
440.wav|"Thầy đang cáo buộc nhà trường sao?
441.wav|Một giáo viên trẻ mới ra trường như thầy thì hiểu gì về truyền thống và danh dự của ngôi trường này?"
442.wav|"Tôi hiểu về danh dự hơn bất kỳ ai," Thầy Duy không hề nao núng, ánh mắt thầy nhìn thẳng vào Thầy Mạnh.
443.wav|"Danh dự không nằm ở những con số mười giả tạo hay những tấm bằng khen rực rỡ sắc màu.
444.wav|Danh dự nằm ở việc chúng ta có dám nhìn thẳng vào sự thật để bảo vệ học sinh của mình hay không.
445.wav|An Nhiên là một học sinh có tài năng thiên bẩm về ngôn ngữ.
446.wav|Những gì các vị gọi là 'tiêu cực' thực chất là những lời cảnh tỉnh đau đớn mà em ấy dành cho chúng ta."
447.wav|Cả căn phòng rơi vào một sự im lặng đáng sợ.
448.wav|Những vị giáo viên lâu năm đưa mắt nhìn nhau, một vài người bắt đầu lúng túng.
449.wav|Thầy Duy biết mình đang bước lên một sợi dây thừng mong manh.
450.wav|"Nếu hội đồng vẫn quyết định đuổi học An Nhiên mà không có một lý do xác đáng và công bằng, tôi xin phép được đặt cược bằng chính vị trí công tác của mình," Thầy Duy tuyên bố, từng chữ một rõ ràng và đanh thép.
451.wav|"Tôi sẽ đứng ra bảo lãnh cho em ấy.
452.wav|Từ nay đến kỳ thi cuối cấp, nếu An Nhiên có bất kỳ hành vi vi phạm kỷ luật thực sự nào, tôi sẽ tự nguyện xin nghỉ việc."
453.wav|Thầy Hiệu trưởng nheo mắt nhìn Thầy Duy, dường như ông không ngờ người thầy giáo trẻ này lại quyết liệt đến thế.
454.wav|"Thầy Duy, thầy có biết mình đang nói gì không?
455.wav|Thầy đang đánh đổi cả sự nghiệp của mình cho một học sinh cá biệt đấy."
456.wav|"Đối với tôi, không có học sinh cá biệt, chỉ có những học sinh chưa được thấu hiểu," Thầy Duy đáp lại, nụ cười nhẹ nhõm hiện lên trên khuôn mặt mệt mỏi.
457.wav|"Và nếu cái giá của sự thật là sự nghiệp của mình, tôi sẵn lòng chi trả."
458.wav|Cuộc họp kết thúc mà không đưa ra được quyết định cuối cùng.
459.wav|Thầy Duy bước ra khỏi phòng, mồ hôi thấm đẫm lưng áo nhưng tâm hồn lại cảm thấy nhẹ nhàng chưa từng có.
460.wav|Thầy biết, vỏ bọc của sự hoàn hảo đã bắt đầu rách toác.
461.wav|Những kẻ giấu mặt sẽ không ngồi yên, nhưng ít nhất, thầy đã cho An Nhiên một lý do để tiếp tục tin tưởng vào tình người.
462.wav|Ở cuối hành lang, dưới bóng râm của cây bàng già, An Nhiên đã đứng đó từ lúc nào.
463.wav|Cô không nói gì, chỉ nhìn Thầy Duy bằng một ánh mắt sâu thẳm.
464.wav|Lần đầu tiên, Thầy Duy thấy cô học trò của mình khẽ cúi đầu chào – một cái cúi đầu chân thành, không phải cho một giáo viên, mà cho một người bảo vệ thực thụ.
465.wav|Hoàng hôn buông xuống, nhuộm đỏ cả một góc trời phía sau dãy nhà đa năng.
466.wav|Thầy Duy ngồi một mình trong phòng học vắng lặng, ánh sáng yếu ớt của buổi chiều tà đổ dài trên những dãy bàn ghế trống trải.
467.wav|Tiếng bước chân nhẹ tênh vang lên từ phía cửa sau, An Nhiên xuất hiện, trên tay ôm một tập tài liệu dày cộp, bọc trong lớp bìa da cũ kỹ đã sờn màu.
468.wav|Cô không nói một lời, lặng lẽ bước đến và đặt tập hồ sơ lên bàn trước mặt Thầy Duy.
469.wav|"Đây là những gì thầy cần.
470.wav|Và cũng là lý do tôi có mặt ở ngôi trường này," An Nhiên lên tiếng, giọng nói mang một nỗi mệt mỏi thâm trầm mà một cô gái mười bảy tuổi không nên có.
471.wav|Thầy Duy run run mở tập hồ sơ.
472.wav|Bên trong không phải là những bài văn lãng mạn, mà là một kho lưu trữ khổng lồ về những sai phạm: Những bức ảnh chụp lén các cuộc gặp gỡ riêng tư giữa phụ huynh và Thầy Mạnh, những bản sao bảng điểm bị chỉnh sửa bằng bút đỏ, và cả những trang nhật ký chi tiết về từng vụ bắt nạt trong lớp 12A4 mà Lan chỉ là một phần nhỏ.
473.wav|"Hai năm qua, tôi đã giả vờ là một học sinh cá biệt, một kẻ lười biếng và bất cần," An Nhiên khẽ mỉm cười, một nụ cười đầy cay đắng.
474.wav|"Chỉ khi là một kẻ đứng ngoài lề, tôi mới có thể quan sát tất cả mà không bị họ nghi ngờ.
475.wav|Kẻ đi săn luôn cần một lớp ngụy trang tồi tàn nhất."
476.wav|Thầy Duy nhìn xuống đôi bàn tay của An Nhiên.
477.wav|Dưới ánh sáng vàng vọt, thầy bàng hoàng nhận ra những vết sẹo nhỏ, mờ nhưng chằng chịt trên mu bàn tay và cổ tay cô.
478.wav|Đó không phải vết thương do xô xát, mà là kết quả của những đêm thức trắng ghi chép trong bóng tối, của những lần cô phải tự kìm nén cơn giận bằng cách siết chặt đôi tay vào cạnh bàn sắc lẹm.
479.wav|"Tại sao em lại chọn cách độc hành đau đớn này?" Thầy Duy nghẹn ngào hỏi.
480.wav|An Nhiên nhìn ra cửa sổ, nơi những cánh chim cuối ngày đang vội vã tìm về tổ.
481.wav|"Vì tôi đã từng tin vào sự công bằng, và rồi tôi thấy nó bị nghiền nát ngay trước mắt mình.
482.wav|Chị gái tôi cũng từng là học sinh của ngôi trường này, cũng từng bị chính hệ thống này đẩy vào đường cùng.
483.wav|Tôi quay lại đây không phải để học, mà để đòi lại một lời xin lỗi cho chị ấy."
484.wav|Tập hồ sơ này chính là "bản thảo cuối cùng" – một tác phẩm văn chương thực tế nhất, tàn khốc nhất mà An Nhiên từng viết.
485.wav|Nó không cần những điển tích xa xôi, mỗi dòng chữ đều là một bằng chứng thép, mỗi bức ảnh là một lời kết tội không thể chối cãi.
486.wav|Thầy Duy cảm thấy sức nặng của tập hồ sơ trên đôi tay mình.
487.wav|Đây không còn là chuyện của một lớp học, mà là một cuộc chiến chống lại sự thối nát đã bén rễ sâu xa.
488.wav|Thầy nhìn An Nhiên, cô gái nhỏ bé đã một mình gánh vác nỗi đau và trách nhiệm quá lớn trong suốt thời gian qua.
489.wav|"Thầy Duy, thầy đã đặt cược sự nghiệp vì tôi.
490.wav|Bây giờ, tôi đặt cược cả cuộc đời mình vào tay thầy.
491.wav|Tập hồ sơ này nếu không thể đưa ra ánh sáng, thì cả thầy và tôi đều sẽ biến mất khỏi ngôi trường này mãi mãi."
492.wav|Ánh mắt của An Nhiên lúc này không còn sự lạnh lẽo, mà là một sự phó thác tuyệt đối.
493.wav|Thầy Duy đứng dậy, cẩn thận ôm tập hồ sơ vào lòng như ôm lấy một báu vật thiêng liêng.
494.wav|"Thầy sẽ không để những vết sẹo này trở nên vô nghĩa.
495.wav|Ngày mai, bản thảo này sẽ được đọc lên ở nơi mà tất cả mọi người đều phải lắng nghe."
496.wav|Đêm đó, dưới ánh đèn bàn không bao giờ tắt, Thầy Duy bắt đầu xâu chuỗi lại toàn bộ bằng chứng.
497.wav|Thầy biết mình đang cầm trong tay một quả bom có thể làm rúng động toàn bộ ngành giáo dục thành phố.
498.wav|Nhưng hơn hết, thầy biết mình đang cầm trong tay chìa khóa để giải thoát cho An Nhiên, để cô học trò của mình có thể mỉm cười và viết những dòng văn thực sự dành cho cuộc đời mình, thay vì những mật mã kêu cứu trong bóng tối.
499.wav|Đêm ấy, căn phòng trọ của thầy Duy không bật đèn tuýp.
500.wav|Chỉ có ánh sáng từ chiếc đèn bàn hắt xuống tập hồ sơ dày cộp mà An Nhiên đã tin tưởng trao lại.
501.wav|Giữa không gian tĩnh lặng, tiếng chuông điện thoại đột ngột vang lên, xé toạc bầu không khí đặc quánh sự suy tư.
502.wav|Nhìn dòng chữ "Mẹ" nhấp nháy trên màn hình, thầy Duy khẽ thở dài.
503.wav|Thầy biết cuộc gọi này không đơn thuần là lời thăm hỏi.
504.wav|"Duy à, con vẫn định tiếp tục trò chơi làm thầy giáo nghèo đến bao giờ?" Giọng mẹ thầy vang lên, dịu dàng nhưng đầy sức ép.
505.wav|"Anh trai con vừa nói với mẹ chuyện ở trường của con.
506.wav|Những người con đang định đối đầu không phải là những kẻ tầm thường.
507.wav|Họ có mối quan hệ rất sâu với công ty gia đình mình."
508.wav|Thầy Duy siết chặt chiếc điện thoại, giọng thầy trầm xuống nhưng kiên định: "Mẹ, đây không phải là một trò chơi.
509.wav|Đây là cuộc đời của những đứa trẻ."
510.wav|"Cuộc đời của chúng không quan trọng bằng tương lai của con!" Giọng mẹ thầy bắt đầu trở nên sắc sảo.
511.wav|"Anh con – người mà con vẫn gọi là 'vị bạo chúa mặt lạnh' của tập đoàn – đã nói rõ rồi.
512.wav|Nếu con còn tiếp tục can thiệp vào chuyện này, anh ấy sẽ dùng sức ảnh hưởng để đóng mọi cánh cửa sự nghiệp của con.
513.wav|Con sẽ không thể dạy học ở bất cứ đâu trên mảnh đất này nữa."
514.wav|Thầy Duy nhìn vào tập hồ sơ.
515.wav|Thầy thấy lại những con số điểm mười giả dối, thấy lại đôi mắt đẫm lệ của Lan trên sân thượng, và cả những vết sẹo mờ trên tay An Nhiên.
516.wav|Sự đối lập giữa cuộc sống nhung lụa, bình yên mà gia đình đang sắp đặt với thực tế khắc nghiệt, bất công mà các học trò của thầy đang gánh chịu hiện lên rõ mọt hơn bao giờ hết.
517.wav|"Con đã hứa với các em ấy," thầy Duy nói, từng chữ như được rút ra từ gan ruột.
518.wav|"Nếu con quay lưng bây giờ, con có thể có một sự nghiệp rạng rỡ, nhưng con sẽ mãi mãi mất đi tư cách của một con người.
519.wav|Con không muốn trở thành một 'vị bạo chúa' khác chỉ biết nhìn vào những con số lợi nhuận mà quên đi giá trị của sự thật."
520.wav|Đầu dây bên kia im lặng một hồi lâu.
521.wav|Cuối cùng là tiếng thở dài thất vọng trước khi cuộc gọi bị ngắt.
522.wav|Thầy Duy đặt điện thoại xuống bàn.
523.wav|Thầy biết, sau đêm nay, thầy không còn đường lui.
524.wav|Gia đình sẽ cắt đứt mọi nguồn viện trợ, và những thế lực trong trường sẽ tìm mọi cách để vùi dập thầy.
525.wav|Thầy giống như một người lính đơn độc đang đứng trước một pháo đài kiên cố.
526.wav|Nhưng khi thầy mở trang cuối cùng của bài văn mà An Nhiên nộp chiều nay, thầy thấy một dòng chữ nhỏ được viết nắn nót ở góc giấy: "Thầy giáo, cảm ơn thầy đã không bỏ mặc chúng em."
527.wav|Chỉ bấy nhiêu thôi là đủ để xua tan mọi nỗi sợ hãi trong lòng thầy Duy.
528.wav|Thầy đứng dậy, cẩn thận cho tập hồ sơ vào cặp và khóa cửa phòng lại.
529.wav|Ngày mai là buổi hội đồng kỷ luật cuối cùng, nơi mà mọi sự dối trá sẽ phải đối mặt với ánh sáng.
530.wav|Thầy Duy nhìn vào gương, chỉnh lại chiếc phù hiệu giáo viên trên ngực áo.
531.wav|Thầy không còn là người giáo viên trẻ bỡ ngỡ của ngày đầu nhận lớp.
532.wav|Thầy hiện tại là một người bảo vệ, một người thầy đúng nghĩa, sẵn sàng hy sinh tất cả để giữ gìn sự công bằng cho mái trường này.
533.wav|Bóng tối của quá khứ có thể rất đậm đặc, nhưng ánh sáng từ những trang văn chính trực của An Nhiên sẽ là ngọn đuốc dẫn đường cho thầy trong trận chiến quyết định sắp tới.
534.wav|Cánh cửa gỗ nặng nề của phòng họp lớn đóng sầm lại, ngăn cách sự ồn ào của sân trường với bầu không khí đặc quánh sự phán xét bên trong.
535.wav|Thầy Mạnh ngồi ở vị trí trung tâm, đôi mắt sắc lẹm lướt qua An Nhiên đang đứng cô độc giữa phòng.
536.wav|Trước mặt ông ta là bản dự thảo quyết định đuổi học đã được in sẵn, chỉ chờ một chữ ký cuối cùng để khép lại "vết đen" của lớp 12A4.
537.wav|"An Nhiên, em có lời nào muốn nói trước khi chúng tôi chính thức công bố quyết định không?" Thầy Hiệu trưởng lên tiếng, giọng nói đều đều nhưng mang đầy tính định đoạt.
538.wav|An Nhiên không đáp.
539.wav|Cô đứng thẳng lưng, đôi mắt nhìn xoáy vào những kẻ đang nhân danh giáo dục để chà đạp lên công lý.
540.wav|Đúng lúc Thầy Mạnh định cầm bút ký, một tiếng gõ cửa dứt khoát vang lên.
541.wav|Thầy Duy bước vào, nhưng không đi một mình.
542.wav|Đi cùng thầy là một người đàn ông trung niên với gương mặt cương trực và chiếc cặp táp bằng da bóng loáng.
543.wav|"Thưa hội đồng, cuộc họp này chưa thể kết thúc được," Thầy Duy nói, giọng vang vọng khắp căn phòng.
544.wav|"Tôi xin giới thiệu, đây là Thanh tra Sở Giáo dục, người đã nhận được đơn phản ánh kèm theo bằng chứng cụ thể về những tiêu cực tại ngôi trường này."
545.wav|Gương mặt Thầy Mạnh đột ngột biến sắc.
546.wav|Tờ giấy trên tay ông ta khẽ run lên.
547.wav|"Thầy Duy!
548.wav|Thầy đang làm cái trò gì vậy?
549.wav|Đây là việc nội bộ của trường!"
550.wav|"Đây không còn là việc nội bộ khi công bằng bị đánh cắp," Thầy Duy bước tới, đặt tập hồ sơ bìa da của An Nhiên lên bàn hội đồng.
551.wav|"Trong tập hồ sơ này là 'bản thảo' đầy đủ nhất về sự mục nát mà chúng ta đã cố tình ngó lơ.
552.wav|Nó không chỉ có những bài văn kêu cứu, mà còn có bằng chứng về việc nâng điểm có hệ thống, các giao dịch ngầm giữa phụ huynh và cán bộ nhà trường."
553.wav|Thầy Duy mở tập hồ sơ, từng bức ảnh, từng bản sao sổ điểm gốc được rải ra trước mặt mọi người.
554.wav|Ánh đèn tuýp trên trần nhà phản chiếu lên những con số mười đỏ chót nhưng đầy nhơ bốc.
555.wav|Thầy chỉ tay vào những ký hiệu bằng bút chì nhạt màu – dấu ấn quyền lực của Thầy Mạnh.
556.wav|"Đây là những gì các vị gọi là 'thành tích'?
557.wav|Những con số này được xây dựng trên sự tuyệt vọng của những học sinh như Lan, trên sự im lặng bị ép buộc của An Nhiên," Thầy Duy quay sang nhìn Thầy Mạnh, ánh mắt đầy sự phẫn nộ.
558.wav|"Thầy gọi đó là danh dự của ngôi trường này sao?"
559.wav|Căn phòng rơi vào một sự im lặng chết chóc.
560.wav|Một vài giáo viên bắt đầu cúi đầu né tránh, những người khác nhìn Thầy Mạnh với ánh mắt bàng hoàng.
561.wav|Vị Thanh tra bước lên, chậm rãi kiểm tra từng tài liệu.
562.wav|Ông khẽ thở dài, cái nhìn nghiêm khắc hướng về phía ban giám hiệu.
563.wav|"Mọi việc đã rõ ràng," vị Thanh tra lên tiếng, giọng nói đanh thép.
564.wav|"Cuộc họp kỷ luật học sinh An Nhiên hôm nay chính thức hủy bỏ.
565.wav|Ngược lại, tôi yêu cầu đình chỉ công tác ngay lập tức đối với Thầy Mạnh và những người có liên quan để phục vụ quá trình điều tra toàn diện."
566.wav|Thầy Mạnh đổ ập xuống ghế, vẻ mặt kiêu ngạo thường ngày hoàn toàn tan biến, chỉ còn lại sự thảm hại của một kẻ bị lột trần bộ mặt thật.
567.wav|Trong khoảnh khắc đó, Thầy Duy quay sang nhìn An Nhiên.
568.wav|Cô học trò nhỏ bé vẫn đứng đó, nhưng đôi vai không còn căng cứng.
569.wav|Một giọt nước mắt hiếm hoi lăn dài trên má cô, rơi xuống mặt bàn gỗ.
570.wav|Đó không phải là giọt nước mắt của sự yếu đuối, mà là của một linh hồn vừa được giải thoát khỏi bóng tối đằng đẵng.
571.wav|"Phiên tòa" kết thúc không có tiếng búa đập, nhưng sức nặng của sự thật đã làm rung chuyển cả một hệ thống giả tạo.
572.wav|Thầy Duy biết, hành trình phía trước vẫn còn nhiều gian nan, nhưng ít nhất, công lý đã bắt đầu mỉm cười dưới mái trường này.
573.wav|Thầy đã thực hiện được lời hứa với học trò, và quan trọng hơn, thầy đã giữ vững được ngọn lửa chính trực trong trái tim mình trước cơn bão quyền lực.
574.wav|Một tuần sau sự việc chấn động tại phòng hội đồng, bầu trời phía trên ngôi trường dường như xanh trong hơn thường lệ.
575.wav|Những đám mây xám xịt của sự ngờ vực và áp lực đã tan biến, nhường chỗ cho những tia nắng dịu dàng len lỏi qua từng kẽ lá bàng.
576.wav|Ngôi trường rúng động trước thông tin Thầy Mạnh và một số cán bộ liên quan bị đình chỉ công tác để phục vụ điều tra toàn diện.
577.wav|Những con số mười giả tạo bị hủy bỏ, thay vào đó là một hệ thống đánh giá công bằng và minh bạch hơn.
578.wav|Tuy nhiên, điều thay đổi lớn nhất không nằm ở những văn bản hành chính, mà nằm ở chính ánh mắt của những học sinh lớp 12A4.
579.wav|Sáng hôm nay, Lan đã quay trở lại trường.
580.wav|Cô học trò nhỏ nhắn bước vào lớp với gương mặt vẫn còn chút rụt rè, nhưng đôi mắt đã mất đi vẻ thất thần, tuyệt vọng của những ngày trước.
581.wav|Thay vì những lời mỉa mai hay những cái nhìn ghẻ lạnh, Lan nhận được những cái gật đầu nhẹ nhàng và cả những lời hỏi thăm khẽ khàng từ một vài bạn học.
582.wav|Thầy Duy bước vào lớp, trên tay không còn là tập hồ sơ bí mật mà là những cuốn sách giáo khoa quen thuộc.
583.wav|Thầy nhìn xuống lớp học, dừng lại một chút ở chỗ của Lan và An Nhiên.
584.wav|"Chào mừng Lan đã trở lại với chúng ta," Thầy Duy mỉm cười, giọng nói trầm ấm lan tỏa khắp căn phòng.
585.wav|"Và thầy cũng muốn nói với cả lớp, từ hôm nay, mỗi trang văn các em viết ra sẽ là tiếng nói thật lòng nhất của các em.
586.wav|Không cần phải gồng mình, không cần phải che giấu."
587.wav|Dưới cuối lớp, An Nhiên vẫn ngồi vị trí cũ cạnh cửa sổ.
588.wav|Nhưng hôm nay, cô không còn mặc chiếc áo khoác đen trùm kín đầu.
589.wav|Mái tóc của cô được buộc gọn gàng, để lộ gương mặt thanh tú và đôi mắt sáng ngời.
590.wav|Cô không còn là "vết đen" bị cô lập; một vài bạn học đã chủ động đến ngồi gần, hỏi mượn cô cuốn vở nháp hay trao đổi về một ý thơ vừa học.
591.wav|Sự đối lập giữa quá khứ ngột ngạt và hiện tại nhẹ nhõm hiện rõ trong từng hơi thở của lớp học.
592.wav|Nhóm học sinh ưu tú trước đây giờ đây đã hiểu rằng sự ưu tú thật sự phải đi kèm với lòng tự trọng.
593.wav|Lớp trưởng – người từng là "con quái vật đội lốt thiên thần" – nay ngồi lặng lẽ, chăm chú làm bài, dường như cũng đang tự chiêm nghiệm về những lỗi lầm đã qua.
594.wav|Sau tiết học, Thầy Duy thấy An Nhiên và Lan đứng cùng nhau dưới gốc cây phượng già.
595.wav|Lan khẽ nắm lấy tay An Nhiên, miệng nở một nụ cười ngượng nghịu nhưng tràn đầy lòng biết ơn.
596.wav|An Nhiên không nói gì nhiều, chỉ vỗ nhẹ lên vai bạn, ánh mắt nhìn về phía Thầy Duy đang đi tới.
597.wav|"Thầy Duy, cảm ơn thầy," Lan lí nhí, đôi mắt rưng rưng.
598.wav|"Thầy chỉ làm điều một người thầy giáo nên làm," Thầy Duy đáp, ánh mắt thầy chuyển sang An Nhiên.
599.wav|"Còn em, An Nhiên, em đã sẵn sàng để viết những bài văn về cái đẹp thật sự của cuộc sống chưa?"
600.wav|An Nhiên khẽ gật đầu.
601.wav|Cô không còn cần phải dùng ngôn từ làm vũ khí để vạch trần cái ác, bởi cái ác đã bị đẩy lùi vào bóng tối.
602.wav|Giờ đây, ngòi bút của cô có thể tự do bay bổng trên những trang giấy trắng, kể về những giấc mơ thanh xuân không còn vướng bụi trần.
603.wav|Cơn bão đi qua, để lại một nền đất ẩm ướt nhưng màu mỡ cho những mầm xanh của sự tử tế bắt đầu nảy nở.
604.wav|Thầy Duy hiểu rằng, ngôi trường này vẫn còn nhiều điều cần sửa đổi, nhưng với sự dũng cảm của An Nhiên và sự hồi sinh của Lan, thầy tin rằng ánh sáng của công lý sẽ không bao giờ bị dập tắt một lần nữa.
605.wav|Nắng sớm tháng Ba xuyên qua những ô cửa sổ kính, nhảy nhót trên những mặt bàn gỗ vẫn còn thơm mùi sáp bóng.
606.wav|Lớp 12A4 hôm nay có một sự thay đổi kỳ lạ.
607.wav|Không còn những tiếng xì xào to nhỏ về những bí mật đen tối, không còn những nhóm học sinh chia phe biệt lập.
608.wav|Mọi thứ dường như đang được sắp xếp lại, chậm rãi và bình yên.
609.wav|Thầy Duy bước vào lớp với một nụ cười rạng rỡ.
610.wav|Trên tay thầy không cầm theo cuốn giáo án dày cộp như mọi khi, mà chỉ là một đóa hoa hồng trắng muốt đặt trong chiếc lọ thủy tinh nhỏ.
611.wav|Thầy đặt đóa hoa lên bàn giáo viên, ánh mắt trìu mến lướt qua một lượt cả lớp.
612.wav|Thầy dừng lại ở chỗ của An Nhiên.
613.wav|Hôm nay, cô học trò không còn gục mặt xuống bàn, cũng không nhìn ra cửa sổ với vẻ bất cần.
614.wav|An Nhiên ngồi thẳng lưng, đôi mắt sáng trong nhìn về phía bảng đen.
615.wav|Lần đầu tiên, thầy thấy cô cầm một cây bút máy, sẵn sàng ghi chép thay vì chỉ ngồi im như một pho tượng đá.
616.wav|"Hôm nay, thầy sẽ không dạy theo chương trình sách giáo khoa," Thầy Duy lên tiếng, giọng nói trầm ấm và có sức lan tỏa kỳ lạ.
617.wav|"Thầy muốn chúng ta cùng trò chuyện về một chủ đề mà có lẽ lâu nay chúng ta đã vô tình quên lãng trong những cuộc đua điểm số.
618.wav|Đó là: Sự tử tế."
619.wav|Thầy Duy cầm viên phấn trắng, viết hai chữ "Tử Tế" thật lớn lên bảng.
620.wav|"Nhiều người nghĩ rằng sự tử tế là một điều gì đó lớn lao, vĩ đại.
621.wav|Nhưng sau những gì chúng ta đã cùng nhau đi qua, thầy nhận ra rằng sự tử tế đôi khi chỉ đơn giản là dám đứng về phía sự thật khi mọi người chọn cách im lặng.
622.wav|Sự tử tế là khi chúng ta biết đau nỗi đau của người khác và sẵn sàng đưa bàn tay mình ra, dù bản thân cũng đang mang đầy những vết thương."
623.wav|Cả lớp lặng đi.
624.wav|Lan khẽ cúi đầu, đôi mắt rưng rưng khi nhớ lại khoảnh khắc Thầy Duy và An Nhiên đã cứu mình khỏi bờ vực của sự tuyệt vọng.
625.wav|Những học sinh khác, vốn trước đây chỉ biết đến việc tranh giành thứ hạng, nay cũng bắt đầu có những suy nghĩ khác đi.
626.wav|"Thầy muốn các em làm một bài viết ngắn," Thầy Duy tiếp tục.
627.wav|"Không cần điển tích, không cần ngôn từ bóng bẩy.
628.wav|Hãy viết về một khoảnh khắc mà các em thấy trái tim mình ấm lại bởi sự tử tế của một người nào đó.
629.wav|Hoặc, hãy viết lời xin lỗi gửi đến một người mà các em đã từng lỡ vô tình làm tổn thương."
630.wav|Tiếng bút sột soạt trên giấy vang lên đều đặn.
631.wav|Không gian lớp học lúc này không phải là sự im lặng đáng sợ của những âm mưu, mà là sự im lặng của những tâm hồn đang tự soi rọi lại chính mình.
632.wav|Thầy Duy đi xuống phía dưới lớp, chậm rãi và nhẹ nhàng.
633.wav|Khi đi ngang qua bàn của An Nhiên, thầy khẽ dừng lại.
634.wav|Trên trang giấy của cô, không còn là những dòng văn sắc lạnh, cay nghiệt về "sự mục nát" nữa.
635.wav|Thay vào đó, An Nhiên đang viết về hình ảnh một người thầy đứng dưới mưa, cầm chiếc ô che cho học trò và nói về sự chữa lành.
636.wav|Ánh mắt thầy Duy và An Nhiên chạm nhau.
637.wav|Cô học trò khẽ mỉm cười – một nụ cười thật sự, không có sự mỉa mai, không có sự phòng thủ.
638.wav|"Văn của em hôm nay có màu nắng rồi đấy, An Nhiên," Thầy Duy nói rất nhỏ, đủ để chỉ mình cô nghe thấy.
639.wav|Buổi học hôm đó kéo dài hơn thường lệ nhưng không ai cảm thấy mệt mỏi.
640.wav|Khi tiếng chuông báo hết giờ vang lên, thay vì ùa ra khỏi lớp như mọi khi, nhiều học sinh đã nán lại để nộp bài tận tay cho thầy Duy.
641.wav|Có những mẩu giấy nhỏ được kẹp vội vào trang vở, chứa đựng những lời xin lỗi chân thành gửi đến Lan, gửi đến An Nhiên.
642.wav|Ngày lễ trưởng thành diễn ra dưới một bầu trời cao vút và trong trẻo.
643.wav|Sân trường rợp bóng những lá cờ bay phấp phới, xen lẫn màu trắng tinh khôi của những tà áo dài và màu đỏ rực của những chùm hoa phượng cuối mùa.
644.wav|Mùi nhựa đường nóng hổi quyện với hương thơm của những đóa hoa chúc mừng tạo nên một không gian vừa hân hoan, vừa nhuốm màu luyến tiếc.
645.wav|Thầy Duy đứng ở hàng ghế giáo viên, nhìn học trò của mình trong bộ lễ phục tốt nghiệp.
646.wav|Thầy thấy Lan đang cười rạng rỡ bên cạnh gia đình, một hình ảnh khác xa với cô bé u sầu trên sân thượng thư viện ngày nào.
647.wav|Và ở phía sau cánh gà, An Nhiên đang chuẩn bị bước lên bục phát biểu với tư cách là đại diện học sinh khối mười hai.
648.wav|Khi cái tên An Nhiên được xướng lên, một sự im lặng bao trùm khắp sân trường.
649.wav|Mọi người vẫn chưa quên vụ bê bối chấn động vừa qua, và họ tò mò muốn biết "cô học trò cá biệt" ngày nào sẽ nói gì trong giây phút quan trọng này.
650.wav|An Nhiên bước lên bục, gương mặt thanh tú toát lên vẻ tự tin và điềm tĩnh lạ thường.
651.wav|Cô cầm trên tay một tờ giấy được chuẩn bị sẵn từ ban giám hiệu – một bản thảo đầy những lời ca tụng sáo rỗng về thành tích và những lời hứa hẹn tương lai hồng rực.
652.wav|An Nhiên nhìn xuống tờ giấy, rồi nhìn về phía Thầy Duy.
653.wav|Thầy khẽ gật đầu, ánh mắt đầy sự tin tưởng.
654.wav|Bất ngờ, An Nhiên gấp tờ giấy làm đôi, đặt nó sang một bên và rút từ trong túi áo ra một phong thư cũ kỹ.
655.wav|"Thưa các thầy cô, các bậc phụ huynh và các bạn học sinh," giọng An Nhiên vang lên dõng dạc qua hệ thống loa phóng thanh.
656.wav|"Lẽ ra tôi sẽ đọc một bản thảo đã được kiểm duyệt.
657.wav|Nhưng hôm nay, tôi muốn đọc cho mọi người nghe một bức thư khác.
658.wav|Một bức thư mà tôi đã từng viết bằng những nét gạch chân bí mật trong những tập bài tập làm văn của mình."
659.wav|Cả sân trường nín thở.
660.wav|Những vị khách mời và giáo viên ngồi phía trên bắt đầu xì xào, nhưng vị thanh tra sở giáo dục – người cũng có mặt hôm nay – lại mỉm cười và ra hiệu cho cô tiếp tục.
661.wav|"Gửi người thầy đã đọc được những dòng chữ gạch chân của em," An Nhiên bắt đầu đọc, giọng cô đôi khi nghẹn lại vì xúc động.
662.wav|"Năm đó, em bước vào ngôi trường này với trái tim đầy thù hận và sự mất niềm tin.
663.wav|Em đã chọn cách trở thành một kẻ lạc loài, một người vô hình để âm thầm thu thập những mảnh vỡ của sự thật.
664.wav|Em đã nghĩ rằng công lý là một thứ xa xỉ không bao giờ tồn tại dưới mái trường này."
665.wav|An Nhiên dừng lại một nhịp, ánh mắt cô dừng lại thật lâu nơi Thầy Duy.
666.wav|"Nhưng rồi, có một thầy giáo trẻ đã đến.
667.wav|Người không chỉ dạy em cách phân tích những bài thơ, mà còn dạy em cách đọc được nỗi đau trong lòng người khác.
668.wav|Thầy không quay lưng trước sự nổi loạn của em.
669.wav|Thầy không nhắm mắt trước những con số điểm mười giả dối.
670.wav|Thầy đã dùng chính sự nghiệp của mình để làm lá chắn cho những học sinh bị lãng quên."
671.wav|Nhiều học sinh bên dưới bắt đầu sụt sịt khóc.
672.wav|Lan đứng ở hàng đầu, nước mắt dàn dụa trên gương mặt hạnh phúc.
673.wav|"Em từng dùng ngôn từ làm vũ khí để vạch trần cái xấu.
674.wav|Nhưng nhờ thầy, em hiểu rằng ngôn từ còn có thể dùng để chữa lành.
675.wav|Cảm ơn thầy vì đã không chỉ chấm điểm cho bài văn của em, mà còn chấm cho em một cuộc đời mới.
676.wav|Lễ trưởng thành hôm nay, đối với em, không phải là nhận một tấm bằng, mà là nhận ra mình đã đủ dũng cảm để sống chính trực."
677.wav|An Nhiên cúi đầu chào thật sâu về phía Thầy Duy.
678.wav|Tiếng vỗ tay bắt đầu vang lên, lúc đầu còn lưa thưa, sau đó bùng nổ như một cơn bão, lan rộng ra khắp sân trường.
679.wav|Đó là những tràng pháo tay dành cho sự dũng cảm, cho sự thật, và cho một người thầy đã làm thay đổi định mệnh của học trò mình.
680.wav|Thầy Duy ngồi đó, đôi mắt cay xè.
681.wav|Thầy thấy An Nhiên bước xuống bục, mái tóc dài bay trong gió, hình ảnh cô học trò cá biệt hoàn toàn biến mất, chỉ còn lại một thiếu nữ trưởng thành với một tương lai rạng rỡ phía trước.
682.wav|Thầy biết rằng, dù sau này thầy có đi đâu, dạy bao nhiêu lớp học, thì cái tên An Nhiên và những trang văn đầy lửa của cô sẽ mãi là niềm tự hào lớn nhất trong sự nghiệp gieo chữ của mình.
683.wav|Mùa hè cuối cùng của tuổi học trò trôi qua trong tiếng ve râm ran và sắc phượng đỏ rực khắp các nẻo đường.
684.wav|Ngôi trường chuyên sau cơn bão thanh lọc đã thực sự tìm lại được vẻ thanh bình vốn có của nó.
685.wav|Những hàng ghế đá dưới gốc bàng già không còn là nơi chứng kiến những giọt nước mắt thầm lặng hay những cái nhìn kỳ thị, mà đã trở thành nơi lưu giữ những tiếng cười hồn nhiên của các cô cậu học trò cuối cấp.
686.wav|Thầy Duy đứng bên cửa sổ phòng làm việc, nhìn xuống sân trường vắng lặng trong những ngày chuẩn bị bước vào năm học mới.
687.wav|Thầy không còn là người giáo viên trẻ đầy bỡ ngỡ và lo sợ của một năm về trước.
688.wav|Ánh mắt thầy giờ đây dày dạn hơn, bản lĩnh hơn, nhưng sự nhiệt huyết và lòng bao dung thì vẫn vẹn nguyên như ngày đầu.
689.wav|Tiếng gõ cửa nhẹ nhàng cắt ngang dòng suy nghĩ của thầy.
690.wav|An Nhiên bước vào, trên vai đeo chiếc ba lô nhỏ, gương mặt rạng rỡ dưới ánh nắng ban mai.
691.wav|Cô vừa nhận được giấy báo trúng tuyển vào ngành báo chí của một trường đại học danh tiếng.
692.wav|"Thầy Duy, em đến để chào thầy trước khi lên đường nhập học," An Nhiên lên tiếng, giọng nói trong trẻo và tràn đầy tự tin.
693.wav|Thầy Duy mỉm cười, bước lại gần cô học trò tâm đắc nhất của mình: "Chúc mừng em, An Nhiên.
694.wav|Ngành báo chí rất hợp với em.
695.wav|Với ngòi bút sắc sảo và trái tim dũng cảm, thầy tin em sẽ còn tiến xa hơn nữa trong việc bảo vệ sự thật."
696.wav|An Nhiên lấy từ trong cặp ra một cuốn sổ tay nhỏ, bọc bìa da màu xanh thẫm, đặt lên bàn giáo viên.
697.wav|"Đây là món quà nhỏ em dành tặng thầy.
698.wav|Trong này không có những mật mã tố giác, cũng không có những nỗi đau.
699.wav|Chỉ có những dự định và những bài báo đầu tiên em vừa viết về những con người tử tế mà em đã gặp."
700.wav|Thầy Duy khẽ lật mở trang đầu tiên.
701.wav|Dòng chữ nắn nót của An Nhiên hiện ra: "Dành tặng người thầy đã dạy em rằng: Công lý không tự nhiên mà có, nó được thắp lên từ lòng dũng cảm của mỗi con người."
702.wav|Hai thầy trò cùng bước ra phía ban công, nhìn về phía cổng trường nơi những học sinh khóa mới đang ríu rít nộp hồ sơ nhập học.
703.wav|Mối quan hệ giữa họ thật đặc biệt – nó cao hơn tình thầy trò thông thường, là sự gắn kết của những người đồng chí hướng đã cùng nhau đi qua bóng tối để tìm lại ánh sáng.
704.wav|Một tình cảm hoàn toàn trong sáng, dựa trên sự trân trọng tài năng và đức hạnh của nhau.
705.wav|"Thầy sẽ tiếp tục ở lại đây chứ?" An Nhiên khẽ hỏi.
706.wav|"Thầy sẽ ở lại," Thầy Duy khẳng định, ánh mắt nhìn xa xăm.
707.wav|"Ngôi trường này vẫn cần những người dám lắng nghe những tiếng nói bị lãng quên.
708.wav|Thầy muốn mỗi học sinh bước ra khỏi đây đều có thể tự hào về những con điểm thật sự của mình."
709.wav|Khi An Nhiên rời đi, cái bóng dáng gầy gò nhưng đầy sức sống của cô khuất dần sau hàng cây, Thầy Duy quay trở lại bàn làm việc.
710.wav|Một năm học mới sắp bắt đầu.
711.wav|Thầy mở tập bài tập đầu tiên của lớp chủ nhiệm mới vừa được nộp lên.
712.wav|Giữa những trang giấy thơm mùi mực, thầy bất chợt dừng lại ở một bài viết có tiêu đề: "Những góc khuất của sự hoàn hảo".
713.wav|Thầy Duy khẽ mỉm cười.
714.wav|Thầy biết, một hành trình mới lại bắt đầu.
715.wav|Thầy cầm bút lên, không phải để chấm điểm, mà để ghi một dòng nhận xét đầy khích lệ.
716.wav|Dù là An Nhiên của hôm qua hay một học sinh nào đó của ngày hôm nay, thầy Duy vẫn sẽ luôn ở đây, sẵn sàng đọc hết những gì ẩn giấu sau những con chữ, sẵn sàng là người bảo vệ thầm lặng cho những tâm hồn đang khao khát công lý.
717.wav|Những trang viết cũ đã khép lại, nhưng những trang viết mới về sự chính trực và lòng nhân ái sẽ còn được viết tiếp mãi mãi dưới mái trường này.
718.wav|Nắng vàng rực rỡ đậu trên trang vở mới, báo hiệu một mùa gieo hạt đầy hy vọng.
719.wav|CHƯƠNG 1: CHIẾC BÓNG SAU BỤC GIẢNG
720.wav|Tiếng ve sầu kêu râm ran ngoài những tán phượng vĩ đỏ rực như muốn xé tan bầu không khí oi nồng của những ngày cuối học kỳ.
721.wav|Bên ngoài sân trường, đám học sinh đang hò hét, vội vã thu dọn sách vở để bắt đầu kỳ nghỉ dài.
722.wav|Nhưng bước qua cánh cửa kính của dãy nhà hiệu bộ, mọi âm thanh ồn ã đó bỗng chốc bị dập tắt, thay thế bằng một luồng khí lạnh lẽo từ hệ thống điều hòa trung tâm.
723.wav|Lâm Hạ siết chặt cuốn sổ tay trong lòng bàn tay.
724.wav|Cô là trưởng ban nội dung của tờ tạp chí trường, một vị trí cho phép cô có cái quyền đi lại trong dãy hành lang này mà không bị chất vấn.
725.wav|Hôm nay, Lâm Hạ cần nộp bản thảo cuối cùng cho số báo tổng kết năm học.
726.wav|Hành lang vắng lặng, chỉ có tiếng đế giày của Lâm Hạ chạm nhẹ trên nền gạch men bóng loáng.
727.wav|Khi đi ngang qua phòng thiết bị nằm khuất sau cầu thang, một âm thanh lạ khiến cô khựng lại.
728.wav|Đó là tiếng nức nở.
729.wav|Rất nhỏ, rất nghẹn ngào, giống như ai đó đang cố gắng nuốt ngược nước mắt vào trong.
730.wav|Lâm Hạ nép sát vào bức tường, tim đập nhanh hơn một nhịp.
731.wav|Qua khe cửa khép hờ của phòng thiết bị, cô nhìn thấy một bóng người đang ngồi thụp dưới sàn, giữa những thùng loa cũ kỹ và dây cáp bám đầy bụi.
732.wav|Đó là một nam sinh cùng khối với cô.
733.wav|Đôi vai cậu ta run lên bần bật, đôi bàn tay gầy gò bám chặt lấy gấu áo đồng phục đã nhăn nhúm.
734.wav|"Cạch."
735.wav|Tiếng cửa phòng làm việc cách đó vài mét mở ra.
736.wav|Lâm Hạ giật mình, theo bản năng, cô lùi sâu vào góc tối của hốc tường.
737.wav|Thầy Phan Vũ bước ra.
738.wav|Vẫn là dáng vẻ đạo mạo thường ngày với bộ âu phục phẳng phiu, cặp kính gọng vàng phản chiếu ánh sáng trắng của đèn tuýp làm người ta không tài nào đoán định được ánh mắt phía sau.
739.wav|Thầy Phan Vũ dừng lại một chút, chỉnh lại cổ tay áo, gương mặt bình thản đến mức đáng sợ.
740.wav|Người đàn ông này được mệnh danh là "vị bảo trợ của những thiên tài" vì nắm giữ quyền quyết định các suất học bổng danh giá nhất của trường.
741.wav|Thầy Phan Vũ không nhìn về phía phòng thiết bị, nhưng lời nói của ông ta lúc ở trong phòng dường như vẫn còn vương lại trong không khí, ám ảnh tâm trí người nghe:
742.wav|— "Cơ hội chỉ dành cho những người biết nghe lời.
743.wav|Đừng để một sai lầm nhỏ hủy hoại cả tương lai của gia đình em."
744.wav|Bước chân của thầy Phan Vũ xa dần, đều đặn và dứt khoát.
745.wav|Cho đến khi tiếng giày da không còn vang vọng nữa, Lâm Hạ mới dám thở phào.
746.wav|Cô nhìn lại phía phòng thiết bị, nam sinh kia đã lau vội nước mắt, lảo đảo đứng dậy.
747.wav|Gương mặt cậu ta tái nhợt, ánh mắt thất thần như vừa trải qua một cơn ác mộng kinh hoàng.
748.wav|Lâm Hạ định bước tới, nhưng đôi chân cô như bị đóng đinh tại chỗ.
749.wav|Cô nhìn thấy tập hồ sơ trên tay nam sinh đó bị vò nát một góc.
750.wav|Đó là đơn đăng ký học bổng mùa hè.
751.wav|Một sự đối lập nảy sinh trong lòng Lâm Hạ.
752.wav|Tại sao một thầy giáo luôn nhận được sự kính trọng của mọi người lại có thể khiến học sinh của mình rơi vào trạng thái hoảng loạn đến thế?
753.wav|Tại sao cái uy quyền kia lại mang theo mùi vị của sự đe dọa thay vì dìu dắt?
754.wav|Lâm Hạ cúi xuống, nhìn vào cuốn sổ tay của mình.
755.wav|Trang giấy trắng tinh khôi nhưng trong đầu cô đã bắt đầu hiện lên những dòng chữ không có trong kế hoạch biên tập.
756.wav|Một bản năng nghề nghiệp trỗi dậy, thôi thúc cô phải tìm hiểu sự thật đằng sau cái bóng cao lớn đang bao phủ lên bục giảng kia.
757.wav|Mùa hè này, có lẽ sẽ không có kỳ nghỉ nào cho Lâm Hạ.
758.wav|Cô cần một cây bút, một chiếc máy ghi âm và một sự kiên trì bền bỉ để bóc tách lớp mặt nạ hoàn hảo của người đàn ông mang tên Phan Vũ.
759.wav|Cuộc điều tra thầm lặng chính thức bắt đầu từ giây phút đó.
760.wav|CHƯƠNG 2: BẠO CHÚA VÀ CHIẾC THANG MÁY
761.wav|Lâm Hạ bước đi nhanh hơn, tiếng đế giày trên hành lang như nhịp tim đang đập liên hồi của cô.
762.wav|Hình ảnh nam sinh gầy gò run rẩy trong phòng thiết bị vẫn còn in đậm trong tâm trí.
763.wav|Cô cần phải rời khỏi đây ngay lập tức trước khi sự tò mò trong mắt mình bị ai đó bắt gặp.
764.wav|Điểm đến của cô là bãi giữ xe, và cách nhanh nhất để xuống tầng trệt từ dãy nhà hiệu bộ này là sử dụng thang máy phía cuối hành lang.
765.wav|"Ting."
766.wav|Cửa thang máy mở ra.
767.wav|Lâm Hạ bước vào, nhưng ngay khi vừa định nhấn nút tầng một, một bàn tay với những ngón tay dài, trắng trẻo đã chặn đứng cánh cửa đang khép lại.
768.wav|Cánh cửa kim loại từ từ mở rộng, và hơi lạnh từ bên trong dường như càng trở nên buốt giá hơn khi bóng dáng cao lớn của thầy Phan Vũ hiện ra.
769.wav|Ông ta bước vào, đứng ngay cạnh Lâm Hạ.
770.wav|Không gian vốn đã nhỏ hẹp nay càng trở nên ngột ngạt.
771.wav|Lâm Hạ đứng nép vào góc, đầu hơi cúi xuống, nhưng mọi giác quan của cô đều đang căng ra để cảm nhận người bên cạnh.
772.wav|Một mùi hương trà đậm đặc, xen lẫn chút hương gỗ lạnh lẽo tỏa ra từ bộ âu phục của thầy Phan Vũ.
773.wav|Đó là một mùi hương sang trọng nhưng lại mang đến cảm giác xa cách và đầy tính áp chế.
774.wav|Chiếc thang máy bắt đầu chuyển động đi xuống.
775.wav|Sự im lặng bao trùm, chỉ còn tiếng động cơ vận hành êm ru và tiếng thở nhẹ của chính cô.
776.wav|Lâm Hạ liếc nhìn qua tấm gương inox bóng loáng của thang máy.
777.wav|Thầy Phan Vũ không nhìn cô, ông ta đứng thẳng, đôi mắt sắc lẹm nhìn chăm chú vào những con số điện tử đang nhảy lùi trên bảng điều khiển.
778.wav|Trong khoảnh khắc đó, Lâm Hạ nhận thấy một chi tiết nhỏ: chiếc kẹp cà vạt bằng bạc trên ngực áo ông ta có hình một con chim ưng đang sải cánh – biểu tượng của sự kiêu hãnh và quyền lực tuyệt đối.
779.wav|"Em là Lâm Hạ, trưởng ban nội dung của tạp chí trường đúng không?"
780.wav|Giọng nói của thầy Phan Vũ vang lên bất ngờ, trầm thấp và lạnh lùng, phá tan bầu không khí tĩnh lặng.
781.wav|Lâm Hạ giật mình, đôi bàn tay đang siết chặt cuốn sổ bỗng đổ mồ hôi.
782.wav|"Dạ…
783.wav|đúng ạ.
784.wav|Thưa thầy." Cô cố gắng giữ cho giọng mình không run rẩy.
785.wav|Thầy Phan Vũ từ từ quay đầu sang, ánh mắt sắc như dao cau quét qua gương mặt cô.
786.wav|Một nụ cười nhạt, không chút hơi ấm hiện lên trên môi ông ta:
787.wav|"Tạp chí năm nay làm khá tốt.
788.wav|Nhưng đôi khi, người cầm bút cần biết ranh giới giữa việc phản ánh sự thật và việc can thiệp vào những chuyện không thuộc thẩm quyền của mình.
789.wav|Em hiểu ý tôi chứ?"
790.wav|Cảm giác căng thẳng lên đến đỉnh điểm.
791.wav|Lâm Hạ cảm thấy như mình đang bị một loài thú săn mồi dồn vào đường cùng.
792.wav|Ánh mắt của thầy Phan Vũ như muốn xuyên thấu qua lớp vỏ bọc bình tĩnh của cô để đọc được những gì cô vừa chứng kiến lúc nãy.
793.wav|Đúng lúc đó, một âm thanh vang dội bất ngờ phá vỡ sự kịch tính.
794.wav|"Reng!
795.wav|Reng!
796.wav|Reng!"
797.wav|Tiếng chuông điện thoại từ trong túi xách của Lâm Hạ vang lên chói tai.
798.wav|Trên màn hình hiện rõ chữ "Mẹ".
799.wav|Sự xuất hiện đột ngột của cuộc gọi như một chiếc phao cứu sinh, cắt đứt sợi dây căng thẳng đang chực chờ đứt đoạn giữa hai người.
800.wav|Thầy Phan Vũ khẽ nheo mắt, nhìn lướt qua chiếc điện thoại đang rung liên hồi.
801.wav|Cửa thang máy mở ra ngay khi con số một hiện lên.
802.wav|"Chào thầy, em xin phép ạ."
803.wav|Lâm Hạ nói vội vàng, gần như là chạy ra khỏi thang máy ngay khi cánh cửa vừa đủ rộng cho một người qua.
804.wav|Cô không dám ngoảnh đầu lại, cứ thế lao thẳng ra sân trường đầy nắng.
805.wav|Chỉ đến khi cảm nhận được hơi nóng của mùa hè phả vào mặt, cô mới dám dừng lại để bắt máy.
806.wav|Bên kia đầu dây, tiếng mẹ vẫn dịu dàng như mọi khi, nhưng Lâm Hạ chỉ nghe thấy nhịp tim mình vẫn đang đập dồn dập.
807.wav|Cô quay đầu nhìn lại dãy nhà hiệu bộ uy nghiêm.
808.wav|Trong thâm tâm, cô biết rõ rằng cuộc trò chuyện ngắn ngủi trong thang máy không đơn thuần là một lời khen ngợi.
809.wav|Đó là một lời cảnh cáo.
810.wav|Một lời tuyên chiến ngầm từ "vị bạo chúa mặt lạnh" dành cho cây bút chuyên điều tra của mùa hè này.
811.wav|CHƯƠNG 3: LỜI THÚ TỘI KHÔNG CHÍNH THỨC
812.wav|Nắng chiều của những ngày cuối tháng năm đổ xuống sân vận động cũ của trường, tạo thành những vệt sáng vàng vọt và nhợt nhạt.
813.wav|Lâm Hạ ngồi trên khán đài xi măng đã bong tróc, mắt dõi theo bóng dáng một nam sinh đang lầm lũi dọn dẹp đống bóng rổ dưới sân.
814.wav|Qua tìm hiểu từ hồ sơ lưu trữ của tòa soạn, Lâm Hạ biết cậu bạn đó tên là Nguyễn Minh, một học sinh có thành tích học tập xuất sắc nhưng lại có hoàn cảnh gia đình khá khó khăn.
815.wav|Nguyễn Minh chính là người đã bước ra từ văn phòng của thầy Phan Vũ với đôi mắt đỏ hoe vào buổi sáng hôm ấy.
816.wav|Lâm Hạ hít một hơi thật sâu, đứng dậy và bước xuống sân.
817.wav|Tiếng bước chân của cô vang lên khô khốc trên nền nhựa nóng bỏng.
818.wav|"Nguyễn Minh, mình có thể nói chuyện với bạn một chút không?"
819.wav|Nguyễn Minh giật mình, quả bóng trên tay rơi xuống, lăn long lóc trên mặt sân.
820.wav|Cậu ta ngước lên nhìn Lâm Hạ, đôi mắt lộ rõ vẻ cảnh giác và mệt mỏi.
821.wav|Những quầng thâm dưới mắt cho thấy dường như cậu đã mất ngủ nhiều đêm.
822.wav|"Tôi không có gì để nói cả.
823.wav|Tôi còn phải làm cho xong việc này." Nguyễn Minh trả lời, giọng nói khàn đặc và lảng tránh.
824.wav|Lâm Hạ không bỏ cuộc.
825.wav|Cô bước đến gần hơn, quan sát những vết hằn đỏ trên cổ tay của Nguyễn Minh, có lẽ là do bê vác quá nhiều đồ nặng trong nhiều giờ liền.
826.wav|"Mình là Lâm Hạ, ở ban nội dung tạp chí trường.
827.wav|Mình đã thấy bạn ở phòng thiết bị sáng nay.
828.wav|Và mình cũng thấy bạn rời khỏi văn phòng của thầy Phan Vũ."
829.wav|Cái tên "Phan Vũ" vừa thốt ra khiến Nguyễn Minh run rẩy.
830.wav|Cậu ta đột ngột dừng mọi động tác, đôi bàn tay gầy gò bấu chặt lấy mép chiếc xe đẩy bóng.
831.wav|Sự im lặng bao trùm lấy cả hai, chỉ còn tiếng gió rít qua những hàng rào sắt rỉ sét.
832.wav|"Bạn đang bị chèn ép, đúng không?" Lâm Hạ hạ thấp giọng, ánh mắt đầy kiên định.
833.wav|"Thầy ấy dùng suất học bổng để buộc bạn phải làm những việc không thuộc trách nhiệm của học sinh?
834.wav|Mình muốn giúp bạn."
835.wav|Nguyễn Minh bật cười, một nụ cười khô khốc và đầy cay đắng.
836.wav|Cậu ta nhìn thẳng vào mắt Lâm Hạ, nhưng trong đó không có hy vọng, chỉ có một nỗi sợ hãi thẳm sâu đã bị đóng băng.
837.wav|"Giúp ư?
838.wav|Bạn định giúp kiểu gì khi ngay cả hiệu trưởng cũng nể trọng thầy ấy?
839.wav|Bạn có biết thầy Phan Vũ là ai không?" Nguyễn Minh tiến lại gần, giọng nói nhỏ lại nhưng đầy uy lực của sự sợ hãi.
840.wav|"Thầy ấy không chỉ là giáo viên.
841.wav|Thầy ấy là người nắm giữ tương lai của tất cả chúng ta ở ngôi trường này."
842.wav|Nguyễn Minh nhìn quanh quất như thể sợ rằng có ai đó đang nghe lén sau những hàng ghế.
843.wav|Cậu ta nghiêng người về phía Lâm Hạ, hơi thở dồn dập:
844.wav|"Nghe này Lâm Hạ, nếu bạn còn muốn tốt nghiệp một cách yên ổn, nếu bạn không muốn mọi công sức học tập suốt ba năm qua đổ sông đổ biển, thì hãy tránh xa chuyện này ra.
845.wav|Đừng đụng vào thầy ấy."
846.wav|"Nhưng như vậy là không công bằng!" Lâm Hạ phản kháng, giọng cô hơi lạc đi.
847.wav|"Công bằng không tồn tại ở đây đâu." Nguyễn Minh vừa nói vừa vội vàng đẩy xe bóng đi chỗ khác, như thể việc đứng cạnh Lâm Hạ là một tội ác.
848.wav|"Lời khuyên chân thành nhất của tôi dành cho bạn là: Hãy quên những gì bạn đã thấy đi.
849.wav|Thầy Phan Vũ có tai mắt ở khắp nơi đấy."
850.wav|Bóng dáng của Nguyễn Minh khuất dần sau cánh cửa nhà kho tối tăm.
851.wav|Lâm Hạ đứng trơ trọi giữa sân vận động lộng gió.
852.wav|Lời cảnh báo của Nguyễn Minh không làm cô sợ hãi, mà ngược lại, nó giống như một mồi lửa thổi bùng lên sự phẫn nộ trong lòng cô.
853.wav|Cô lôi cuốn sổ tay ra, ghi lại dòng chữ: Học bổng và Sự phục tùng.
854.wav|Mối quan hệ giữa thầy Phan Vũ và những học sinh như Nguyễn Minh không đơn giản là sự dạy dỗ, đó là một cuộc giao dịch không bình đẳng.
855.wav|Một "vị bạo chúa" thực thụ luôn biết cách dùng nỗi sợ để khóa chặt miệng của những người yếu thế.
856.wav|Lâm Hạ nhìn lên dãy cửa sổ của văn phòng hiệu bộ đang phản chiếu ánh mặt trời gay gắt.
857.wav|Cô biết mình vừa chạm vào một tổ kiến lửa, nhưng cô không có ý định lùi bước.
858.wav|Mùa hè chỉ mới bắt đầu, và những lời thú tội không chính thức này sẽ là những viên gạch đầu tiên để cô xây dựng nên bài điều tra của mình.
859.wav|CHƯƠNG 4: KẾ HOẠCH MÙA HÈ
860.wav|Tiếng loa phát thanh của nhà trường vang lên bản nhạc hành khúc quen thuộc, đánh dấu thời khắc cổng trường chính thức mở rộng để đón hàng ngàn học sinh bước vào kỳ nghỉ hè rực rỡ.
861.wav|Những tiếng reo hò, tiếng gọi nhau í ới và tiếng động cơ xe máy của phụ huynh tạo nên một bản giao hưởng náo nhiệt, xóa tan vẻ tĩnh mịch thường ngày của không gian sư phạm.
862.wav|Trong phòng ký túc xá, không khí lại mang một sắc thái hoàn toàn khác.
863.wav|Tiếng kéo khóa va li, tiếng sột soạt của giấy gói và tiếng cười nói của các bạn cùng phòng khiến lòng Lâm Hạ nặng trĩu.
864.wav|"Lâm Hạ, cậu chắc chắn là không về quê cùng tụi mình chứ?
865.wav|Biển mùa này đẹp lắm đó!"
866.wav|Mai, cô bạn thân nhất của Lâm Hạ, vừa nhét nốt chiếc mũ nan vào túi xách vừa hỏi với giọng đầy nuối tiếc.
867.wav|Lâm Hạ mỉm cười, đôi tay vẫn nhịp nhàng sắp xếp lại đống tài liệu trên bàn học.
868.wav|"Tớ đã hứa với thầy cố vấn là sẽ hoàn thiện số báo đặc biệt chào mừng năm học mới rồi.
869.wav|Nếu không làm xong trong hè này, sang năm chúng ta sẽ không có gì để đăng đâu."
870.wav|Lâm Hạ trả lời bằng một giọng thản nhiên nhất có thể.
871.wav|Đây là lý do hoàn hảo mà cô đã chuẩn bị suốt một tuần qua.
872.wav|Để được ở lại ký túc xá trong mùa hè, cô đã phải viết một bản kế hoạch chi tiết về "Chuyên đề lịch sử ngôi trường" và xin chữ ký xác nhận của ban biên tập tạp chí.
873.wav|Sự thật là, số báo đặc biệt đó chỉ là lớp vỏ bọc.
874.wav|Mục tiêu thật sự của Lâm Hạ nằm trong những tệp tin được khóa mật mã trong máy tính xách tay và những cái tên nhân chứng mà cô đã bí mật ghi chép lại.
875.wav|Sau khi tiễn các bạn ra cổng trường, Lâm Hạ quay trở lại dãy hành lang ký túc xá.
876.wav|Sự vắng lặng ập đến ngay lập tức.
877.wav|Những căn phòng trống huếch, ánh nắng chiếu xuyên qua những ô cửa sổ để lại những vệt sáng dài cô độc trên nền nhà.
878.wav|Cảm giác này giống như cô đang đứng giữa một hoang đảo, nơi chỉ có mình cô đối diện với sự thật.
879.wav|Lâm Hạ cầm điện thoại lên, nhấn dãy số quen thuộc.
880.wav|"Mẹ ạ, con đây...
881.wav|Vâng, trường đã đồng ý cho con ở lại làm dự án rồi.
882.wav|Mẹ đừng lo, con sẽ tự chăm sóc bản thân tốt mà.
883.wav|Vâng, con sẽ về thăm nhà ngay khi xong việc."
884.wav|Cúp điện thoại, Lâm Hạ cảm thấy một chút tội lỗi vì đã nói dối mẹ.
885.wav|Nhưng cô biết, nếu nói ra sự thật rằng mình đang đối đầu với một người quyền lực như thầy Phan Vũ, mẹ sẽ không bao giờ cho phép cô mạo hiểm.
886.wav|Cô bước ra ban công, từ đây có thể nhìn thấy dãy nhà hiệu bộ ở phía xa.
887.wav|Trong ánh hoàng hôn nhập nhoạng, một văn phòng trên tầng cao vẫn còn sáng đèn.
888.wav|Đó là văn phòng của thầy Phan Vũ.
889.wav|Hình bóng của ông ta in lên tấm rèm cửa, bất động và uy nghiêm như một bức tượng đá.
890.wav|Lâm Hạ siết chặt lan can.
891.wav|Thầy Phan Vũ không nghỉ hè, và cô cũng vậy.
892.wav|Trong khi bạn bè đang tận hưởng những chuyến đi, Lâm Hạ bắt đầu dán những mẩu giấy ghi chú lên bức tường cạnh giường ngủ.
893.wav|Mỗi mẩu giấy là một manh mối: tên của các học sinh bị trượt học bổng, các khoản thu chi bất thường trong quỹ hỗ trợ, và cả lịch trình di chuyển của thầy Phan Vũ mà cô đã thu thập được.
894.wav|Mùa hè này, thay vì những bãi cát trắng và tiếng sóng vỗ, Lâm Hạ sẽ đắm mình trong những tập hồ sơ cũ kỹ, những cuộc hẹn bí mật và những âm thanh ghi lại từ bóng tối.
895.wav|Cô biết mình đang bắt đầu một trò chơi nguy hiểm, nơi mà mỗi bước đi sai lầm đều có thể dẫn đến việc bị đuổi học hoặc tệ hơn là bị hủy hoại danh dự.
896.wav|"Chiến dịch mùa hè chính thức bắt đầu."
897.wav|Lâm Hạ tự nhủ với bản thân khi ánh đèn cuối cùng trong văn phòng thầy Phan Vũ vụt tắt.
898.wav|Bóng tối bao trùm lấy ngôi trường, nhưng trong mắt cô gái trẻ ấy, một ngọn lửa ý chí đang rực cháy hơn bao giờ hết.
899.wav|CHƯƠNG 5: NHỮNG NHÂN CHỨNG CÂM LẶNG
900.wav|Cái nắng gắt của buổi trưa tháng sáu như muốn thiêu rụi mọi thứ trên mặt đường nhựa.
901.wav|Lâm Hạ đứng dưới mái hiên của một trạm xe buýt cũ kỹ, tay cầm tờ giấy ghi địa chỉ một quán cà phê nằm sâu trong con hẻm nhỏ phía bên kia thành phố.
902.wav|Đây là nơi cô đã hẹn gặp Trần Hoàng – một cựu học sinh ưu tú từng đột ngột từ bỏ suất học bổng du học vào hai năm trước.
903.wav|Lâm Hạ đã phải mất ba ngày lục tìm trong kho lưu trữ bám đầy bụi của tòa soạn báo trường mới tìm thấy số điện thoại của anh ta.
904.wav|Qua điện thoại, giọng Trần Hoàng run rẩy và đầy cảnh giác.
905.wav|Anh ta chỉ đồng ý gặp cô ở một nơi thật xa ngôi trường, với điều kiện cô không được đi cùng ai khác.
906.wav|Quán cà phê "Hoài Niệm" hiện ra với vẻ ngoài xập xệ, tường vôi bong tróc và tiếng quạt trần kêu lạch cạch mệt mỏi.
907.wav|Không gian bên trong tối lờ mờ, thoang thoảng mùi hạt cà phê rang cháy và mùi ẩm mốc của những cuốn sách cũ.
908.wav|Ở góc khuất nhất của quán, một chàng trai có gương mặt gầy gò, đôi mắt thâm quầng đang ngồi bất động bên ly nước đá đã tan hết.
909.wav|Đó chính là Trần Hoàng.
910.wav|"Chào anh, em là Lâm Hạ." Cô nhẹ nhàng ngồi xuống đối diện.
911.wav|Trần Hoàng ngước lên, ánh mắt anh ta đảo quanh quán một lượt trước khi dừng lại ở Lâm Hạ.
912.wav|Anh ta không chào lại, chỉ hỏi bằng một giọng khàn đặc:
913.wav|"Em là người của tạp chí trường thật sao?
914.wav|Tại sao em lại muốn khơi lại chuyện này?
915.wav|Nó đã kết thúc từ lâu rồi."
916.wav|Lâm Hạ lấy từ trong túi ra một tấm thẻ cộng tác viên và đặt lên bàn.
917.wav|Cô nhìn thẳng vào mắt anh ta, giọng nói ấm áp nhưng kiên định:
918.wav|"Nó chưa kết thúc anh ạ.
919.wav|Những gì đã xảy ra với anh đang tiếp tục lặp lại với những bạn khác, trong đó có Nguyễn Minh.
920.wav|Em muốn ngăn chặn điều đó."
921.wav|Nghe đến cái tên Nguyễn Minh, đôi bàn tay của Trần Hoàng khẽ co rúm lại.
922.wav|Anh ta siết chặt chiếc thìa inox, tiếng kim loại va chạm với thành ly thủy tinh vang lên lanh lảnh trong không gian yên tĩnh.
923.wav|"Ngăn chặn?
924.wav|Em quá ngây thơ rồi Lâm Hạ." Trần Hoàng cười cay đắng.
925.wav|"Thầy Phan Vũ không chỉ dạy học, ông ta điều khiển tâm lý.
926.wav|Ông ta biết rõ điểm yếu của từng người.
927.wav|Với tôi, đó là sự kỳ vọng của cha mẹ.
928.wav|Ông ta dọa sẽ làm xấu hồ sơ của tôi, khiến tôi không thể xin việc ở bất cứ đâu nếu không thực hiện những 'yêu cầu riêng' của ông ta."
929.wav|"Yêu cầu riêng đó là gì ạ?" Lâm Hạ hỏi, tay cô âm thầm nhấn nút ghi âm trên chiếc máy nhỏ giấu trong túi áo.
930.wav|Trần Hoàng im lặng một lúc lâu, chỉ có tiếng quạt trần vẫn đều đặn kêu rên.
931.wav|Anh ta hạ thấp giọng xuống mức tối thiểu:
932.wav|"Ông ta bắt tôi phải đứng tên thay cho những bài nghiên cứu mà ông ta đạo ý tưởng từ người khác, rồi dùng chính danh tiếng đó để gây quỹ.
933.wav|Khi tôi định phản kháng, ông ta đưa ra những bằng chứng giả về việc tôi gian lận trong kỳ thi.
934.wav|Ông ta biến tôi từ một nạn nhân thành một kẻ đồng lõa."
935.wav|Những chi tiết sắc nét trong lời kể của Trần Hoàng khiến Lâm Hạ cảm thấy sống lưng lạnh toát.
936.wav|Sự thao túng của thầy Phan Vũ tinh vi hơn cô tưởng rất nhiều.
937.wav|Ông ta không dùng bạo lực, ông ta dùng tương lai và danh dự để cầm tù những học sinh của mình.
938.wav|"Tại sao mọi người không cùng nhau tố cáo?"
939.wav|"Vì ai cũng sợ." Trần Hoàng nhìn ra cửa sổ, nơi những vệt nắng chiếu qua kẽ lá.
940.wav|"Ai cũng có một bí mật hoặc một nỗi sợ thầm kín mà thầy Phan Vũ đã nắm thóp.
941.wav|Chúng tôi là những nhân chứng, nhưng chúng tôi đã chọn cách câm lặng để đổi lấy sự bình yên giả tạo."
942.wav|Trần Hoàng đứng dậy, kéo sụp chiếc mũ lưỡi trai xuống che nửa khuôn mặt.
943.wav|"Đừng tìm tôi nữa.
944.wav|Những gì tôi vừa nói, coi như em chưa từng nghe thấy.
945.wav|Nhưng nếu em thật sự muốn đấu với ông ta, hãy tìm hiểu về 'Quỹ thắp sáng ước mơ' của năm năm trước.
946.wav|Đó là nơi mọi thứ bắt đầu."
947.wav|Bóng dáng Trần Hoàng nhanh chóng hòa vào dòng người hối hả trên phố.
948.wav|Lâm Hạ ngồi lại một mình trong quán cà phê vắng, cảm giác nặng nề bao trùm.
949.wav|Cô nhìn vào chiếc máy ghi âm trong túi.
950.wav|Một nhân chứng đầu tiên đã phá vỡ sự im lặng, dù chỉ là trong bóng tối.
951.wav|Mùa hè này không chỉ nóng bởi cái nắng, mà còn nóng bởi những sự thật đang dần được bóc tách.
952.wav|Lâm Hạ biết mình vừa có thêm một manh mối quan trọng: "Quỹ thắp sáng ước mơ".
953.wav|Cô cần phải trở lại trường, đột nhập vào kho tư liệu cũ để tìm hiểu về cái tên đầy mỉa mai này.
954.wav|CHƯƠNG 6: CUỐN SỔ TAY MÀU ĐEN
955.wav|Đêm ở ngôi trường vắng lặng mang một vẻ âm u khó tả.
956.wav|Ánh trăng nhợt nhạt soi xuống những dãy hành lang dài dằng dặc, nơi mà ban ngày vốn đầy ắp tiếng cười nói nay chỉ còn lại những bóng đổ hình thù kỳ dị.
957.wav|Lâm Hạ bước đi khẽ khàng, đôi giày vải của cô gần như không phát ra tiếng động trên nền gạch.
958.wav|Sau khi nghe Trần Hoàng nhắc đến "Quỹ thắp sáng ước mơ", Lâm Hạ biết mình không thể ngồi yên.
959.wav|Cô đã dành cả buổi chiều để quan sát lịch trình của bác bảo vệ và nhận ra rằng khoảng thời gian từ mười một giờ đến mười hai giờ đêm là lúc bác thường nghỉ ngơi ở cổng chính.
960.wav|Đây là cơ hội duy nhất để cô tiếp cận phòng lưu trữ tư liệu cũ nằm ở tầng hầm của dãy nhà thư viện.
961.wav|Cánh cửa gỗ nặng nề của phòng lưu trữ khẽ rít lên một tiếng khô khốc khi Lâm Hạ đẩy nhẹ.
962.wav|Một mùi giấy cũ, bụi bặm và hơi ẩm xộc thẳng vào mũi khiến cô suýt chút nữa là hắt hơi.
963.wav|Cô vội vàng bật chiếc đèn pin nhỏ cầm tay, luồng ánh sáng yếu ớt bắt đầu quét qua những kệ sắt cao ngất ngưởng, nơi chất đầy những tập hồ sơ dày cộm qua nhiều thập kỷ.
964.wav|Lâm Hạ lần theo những nhãn dán ghi năm học trên kệ.
965.wav|Năm năm trước...
966.wav|đây rồi.
967.wav|Cô kéo ra một chiếc hộp các-tông bám đầy mạng nhện.
968.wav|Bên trong là danh sách những học sinh nhận hỗ trợ từ "Quỹ thắp sáng ước mơ".
969.wav|Lâm Hạ trải tập hồ sơ lên sàn nhà, soi đèn và bắt đầu đối chiếu với cuốn sổ tay ghi chép cá nhân của mình.
970.wav|Một sự trùng hợp đáng sợ hiện ra.
971.wav|Tên của Trần Hoàng nằm ở đầu danh sách năm đó.
972.wav|Bên cạnh tên anh ta là một cột ghi chú nhỏ bằng mực đen, nét chữ sắc sảo nhưng rất thanh mảnh – phong cách viết tay không lẫn vào đâu được của thầy Phan Vũ: "Có tiềm năng, cần rèn luyện thêm".
973.wav|Lâm Hạ tiếp tục lật những trang sau.
974.wav|Cứ mỗi học sinh nhận được khoản hỗ trợ lớn từ quỹ, sẽ có một tập hồ sơ đi kèm ghi lại "giờ tình nguyện nghiên cứu".
975.wav|Cô nhận thấy một quy luật: những học sinh có điểm số cao nhất nhưng gia cảnh lại khó khăn nhất chính là những người có số giờ "tình nguyện" nhiều nhất.
976.wav|Nhưng sự thật không phải là tình nguyện.
977.wav|Lâm Hạ tìm thấy một kẹp tài liệu màu đen nằm sâu dưới đáy hộp.
978.wav|Đó là bản thảo của các đề tài nghiên cứu khoa học cấp thành phố của trường trong năm năm qua.
979.wav|Cô sững người khi thấy tên tác giả chính luôn là Phan Vũ, nhưng những phần ghi chú thô, những biểu đồ phân tích số liệu chi tiết lại được viết bằng nhiều nét chữ khác nhau.
980.wav|Cô so sánh nét chữ trong các bản thảo nghiên cứu với chữ ký của các học sinh trong danh sách nhận học bổng.
981.wav|"Đúng rồi...
982.wav|chính là nó." Lâm Hạ thì thào, giọng cô run lên vì xúc động xen lẫn phẫn nộ.
983.wav|Thầy Phan Vũ đã dùng điểm số và những suất học bổng làm công cụ để gây áp lực.
984.wav|Ông ta lựa chọn những học sinh giỏi nhưng thiếu điều kiện kinh tế, buộc họ phải thực hiện toàn bộ phần việc nặng nhọc, chất xám của các dự án nghiên cứu.
985.wav|Sau đó, ông ta nghiễm nhiên đứng tên để thu về danh tiếng và các khoản tiền thưởng khổng lồ từ quỹ.
986.wav|Nếu ai có ý định phản kháng, ông ta sẽ dùng quyền lực của mình để hạ điểm số hoặc đe dọa cắt bỏ nguồn hỗ trợ, khiến con đường học vấn của họ rơi vào ngõ cụt.
987.wav|Cuốn sổ tay màu đen – hay đúng hơn là tập hồ sơ đen tối này – chính là bằng chứng xác thực cho sự chiếm đoạt chất xám có hệ thống.
988.wav|Thầy Phan Vũ không dạy học bằng tình thương, ông ta đang điều hành một công xưởng sản xuất danh tiếng dựa trên sự bóc lột sức lao động của những học trò yếu thế.
989.wav|Bỗng nhiên, một ánh đèn pha quét qua cửa sổ thông gió nhỏ phía trên cao của tầng hầm.
990.wav|Tiếng bước chân nặng nề vang lên từ phía cầu thang gỗ.
991.wav|"Ai ở dưới đó?" Tiếng bác bảo vệ vọng xuống, kèm theo tiếng lạch cạch của chùm chìa khóa.
992.wav|Tim Lâm Hạ như nhảy khỏi lồng ngực.
993.wav|Cô vội vàng nhét tập hồ sơ vào túi xách, tắt đèn pin và nấp sâu vào khoảng trống giữa hai kệ sắt lớn.
994.wav|Bóng tối bao trùm lấy cô, chỉ còn tiếng thở dồn dập mà cô đang cố gắng kìm nén.
995.wav|Trong không gian chật hẹp và ngột ngạt đó, Lâm Hạ nhận ra rằng mình không còn là một phóng viên học đường đang tìm kiếm tin tức bình thường nữa.
996.wav|Cô đang nắm giữ bí mật có thể lật đổ một tượng đài, và cái giá của sự thật này có thể sẽ đắt hơn cô tưởng tượng rất nhiều.
997.wav|CHƯƠNG 7: ĐỐI MẶT LẦN HAI
998.wav|Cái nóng của buổi chiều tháng bảy len lỏi qua những khe lá phượng vĩ, hắt những vệt sáng nhảy múa trên dãy bàn gỗ dài của thư viện.
999.wav|Thư viện vào mùa hè là một nơi cô độc nhất trần đời, chỉ có tiếng quạt trần quay đều đặn từng nhịp buồn tẻ và mùi giấy cũ nồng đượm.
1000.wav|Lâm Hạ ngồi ở góc khuất nhất, xung quanh cô là những chồng sách dày cộm về phương pháp nghiên cứu khoa học và các bài báo cũ.
1001.wav|Cô đang cố gắng xâu chuỗi các biểu đồ số liệu từ tập hồ sơ màu đen với danh sách học bổng của "Quỹ thắp sáng ước mơ".
1002.wav|Đôi mắt cô mỏi nhừ vì nhìn vào những dòng chữ nhỏ xíu, nhưng trí óc lại tỉnh táo hơn bao giờ hết.
1003.wav|"Cộp.
1004.wav|Cộp.
1005.wav|Cộp."
1006.wav|Tiếng giày da nện xuống sàn gỗ vang lên đều đặn.
1007.wav|Lâm Hạ khựng lại, hơi thở bỗng chốc trở nên nặng nề.
1008.wav|Cô không cần ngẩng lên cũng biết đó là ai.
1009.wav|Mùi hương trà đậm đặc, xen lẫn chút phong vị của sự lạnh lẽo đã tràn ngập không gian.
1010.wav|Thầy Phan Vũ không biết đã vào thư viện từ lúc nào.
1011.wav|Ông ta đứng cách bàn của Lâm Hạ chỉ vài bước chân, dáng vẻ vẫn đạo mạo và thanh lịch như một vị quý tộc, dù đang là giữa kỳ nghỉ hè oi ả.
1012.wav|"Học tập chăm chỉ ngay cả khi bạn bè đang vui chơi, đó là một phẩm chất đáng quý."
1013.wav|Giọng nói của thầy Phan Vũ vang lên, trầm thấp và vang vọng giữa không gian tĩnh mịch.
1014.wav|Lâm Hạ từ từ gấp cuốn sổ tay lại, hít một hơi thật sâu để lấy lại sự bình tĩnh rồi mới ngẩng đầu lên.
1015.wav|"Dạ, em chào thầy.
1016.wav|Thầy cũng không nghỉ hè sao ạ?"
1017.wav|Thầy Phan Vũ bước đến gần hơn, đôi bàn tay trắng trẻo với những ngón tay dài chạm nhẹ lên mặt bàn gỗ.
1018.wav|Ánh mắt ông ta quét qua chồng sách mà Lâm Hạ đang đọc, rồi dừng lại ở gương mặt cô.
1019.wav|Một nụ cười không chạm đến đáy mắt hiện rõ trên môi ông ta.
1020.wav|"Người làm công việc quản lý như tôi thì khái niệm nghỉ hè rất xa xỉ.
1021.wav|Nhưng tôi ngạc nhiên khi thấy một nữ sinh lại quan tâm đến những số liệu nghiên cứu khô khan này thay vì viết về những chủ đề học đường lãng mạn."
1022.wav|Lâm Hạ cảm thấy như có một luồng điện chạy dọc sống lưng.
1023.wav|Cô mỉm cười đáp lại, giọng nói cố gắng giữ vẻ tự nhiên nhất có thể:
1024.wav|"Em nghĩ sự thật đôi khi nằm trong những con số khô khan đó thầy ạ.
1025.wav|Tạp chí trường chúng em mùa này muốn thay đổi phong cách, đi sâu vào những giá trị thực tế hơn."
1026.wav|Thầy Phan Vũ khẽ gật đầu, ông ta kéo một chiếc ghế đối diện và ngồi xuống.
1027.wav|Hành động này khiến Lâm Hạ cảm thấy không gian như bị thu hẹp lại, áp lực đè nặng lên lồng ngực.
1028.wav|Ông ta lấy từ trong túi áo ra một chiếc bút máy bằng bạc, xoay nhẹ nó giữa hai đầu ngón tay.
1029.wav|"Sự thật là một khái niệm rất mong manh, Lâm Hạ ạ.
1030.wav|Đôi khi, những gì em thấy chỉ là một phần nhỏ của bức tranh toàn cảnh.
1031.wav|Một con kiến đứng dưới chân núi sẽ không bao giờ hiểu được sự hùng vĩ của đỉnh cao.
1032.wav|Nó có thể tưởng rằng những hòn đá nhỏ là vật cản, nhưng thực tế chúng là nền móng để ngọn núi đứng vững."
1033.wav|Lâm Hạ hiểu rõ ẩn ý trong câu nói của ông ta.
1034.wav|Ông ta đang tự ví mình là ngọn núi, còn những học sinh bị chèn ép chỉ là những "viên đá nền móng" không đáng kể.
1035.wav|"Nếu viên đá đó bị nghiền nát dưới sức nặng của ngọn núi, liệu ngọn núi có còn đứng vững không thầy?" Lâm Hạ hỏi ngược lại, đôi mắt kiên định nhìn thẳng vào đối phương.
1036.wav|Nụ cười trên môi thầy Phan Vũ chợt tắt hẳn.
1037.wav|Ánh mắt ông ta trở nên sắc lẹm, giống như lưỡi dao có thể xuyên thấu qua mọi bí mật.
1038.wav|Không khí trong thư viện dường như đặc quánh lại.
1039.wav|"Em rất thông minh, Lâm Hạ.
1040.wav|Nhưng hãy nhớ lời tôi nói: Sự tò mò quá mức thường dẫn đến những kết cục không mấy tốt đẹp.
1041.wav|Có những cánh cửa trong ngôi trường này được khóa lại là có lý do của nó.
1042.wav|Một khi em đã chạm tay vào tay nắm cửa, em sẽ không còn đường lui đâu."
1043.wav|Thầy Phan Vũ đứng dậy, chỉnh lại cổ áo sơ mi phẳng phiu.
1044.wav|Ông ta cúi người xuống, nói nhỏ chỉ đủ cho một mình Lâm Hạ nghe thấy:
1045.wav|"Mùa hè rất dài, nhưng cũng rất nhanh kết thúc.
1046.wav|Hãy tận hưởng nó thay vì lãng phí thời gian vào những việc vượt quá khả năng của mình.
1047.wav|Đừng để khi năm học mới bắt đầu, em lại là người phải hối tiếc."
1048.wav|Bóng dáng cao lớn của thầy Phan Vũ khuất dần sau những kệ sách cao ngất.
1049.wav|Lâm Hạ ngồi lặng đi một lúc lâu, đôi bàn tay cô run lên vì căng thẳng.
1050.wav|Cô nhìn xuống cuốn sổ tay đang bị cô siết chặt đến nhăn nhúm.
1051.wav|Lời cảnh báo của thầy Phan Vũ không khiến cô lùi bước, mà ngược lại, nó là bằng chứng cho thấy cô đang đi đúng hướng.
1052.wav|Ông ta đang sợ hãi.
1053.wav|"Vị bạo chúa mặt lạnh" đang bắt đầu cảm nhận được hơi nóng từ ngòi bút của một nữ sinh phóng viên.
1054.wav|Lâm Hạ mở cuốn sổ tay ra, ghi thêm một dòng chữ bằng mực đỏ: Cánh cửa đã được chạm vào, và tôi sẽ mở nó ra bằng mọi giá.
1055.wav|CHƯƠNG 8: KỸ THUẬT GHI ÂM
1056.wav|Ánh hoàng hôn tím thẫm dần buông xuống, nuốt chửng những tia nắng cuối cùng trên những bức tường rêu phong của ngôi trường.
1057.wav|Lâm Hạ ngồi trong phòng ký túc xá, trên bàn là một thiết bị ghi âm nhỏ chỉ bằng bao diêm, màu đen bóng loáng.
1058.wav|Cô đã dành cả tuần để tìm hiểu cách sử dụng nó, đảm bảo rằng mọi thao tác phải thật thuần thục.
1059.wav|Trong cuộc chơi này, một giây chần chừ cũng có thể khiến cô trả giá bằng cả danh dự.
1060.wav|Cô kiểm tra lại dung lượng pin, thử giọng mình một lần nữa.
1061.wav|Tiếng nói trong trẻo của cô vang lên qua loa nhỏ, nghe rõ mồn một từng hơi thở.
1062.wav|Lâm Hạ hít một hơi thật sâu, nhét thiết bị vào túi áo khoác mỏng, rồi bước ra khỏi phòng.
1063.wav|Mục tiêu tối nay là văn phòng của thầy Phan Vũ.
1064.wav|Dãy nhà hiệu bộ vào buổi tối trông giống như một khối đá khổng lồ đang ngủ say.
1065.wav|Lâm Hạ lách qua cánh cửa hông mà cô đã cố tình để mở bằng một mẩu gỗ nhỏ từ chiều.
1066.wav|Tiếng tim đập thình thịch trong lồng ngực như muốn lấn át cả tiếng côn trùng rỉ rả bên ngoài.
1067.wav|Khi đứng trước cánh cửa gỗ lim nặng nề có gắn biển tên "Phan Vũ", Lâm Hạ khựng lại.
1068.wav|Cô nhớ lại mùi hương trà đậm đặc và ánh mắt sắc lẹm của ông ta trong thang máy.
1069.wav|Cánh cửa này không chỉ ngăn cách hai không gian, nó còn là ranh giới giữa sự an toàn và hiểm nguy.
1070.wav|May mắn thay, chiếc chìa khóa dự phòng mà cô mượn được từ phòng trực ban với lý do "quên tài liệu tạp chí" vẫn nằm gọn trong tay.
1071.wav|Tiếng lẫy cửa mở ra nghe thật chói tai giữa không gian tĩnh mịch.
1072.wav|Bên trong văn phòng, mọi thứ đều được sắp xếp ngăn nắp đến mức cực đoan.
1073.wav|Trên bàn làm việc, chiếc chặn giấy hình chim ưng bằng bạc vẫn đứng đó, uy nghiêm và lạnh lẽo.
1074.wav|Lâm Hạ không bật đèn, cô chỉ sử dụng ánh sáng mờ ảo từ chiếc đèn pin điện thoại đã được dán băng dính đen để thu hẹp luồng sáng.
1075.wav|Cô nhanh chóng tiến về phía bàn làm việc.
1076.wav|Mục tiêu của cô là tìm kiếm thiết bị lưu trữ thông tin hoặc bất kỳ tệp tin nào liên quan đến "Quỹ thắp sáng ước mơ".
1077.wav|Đột nhiên, một âm thanh phát ra từ ngăn kéo bàn bị khóa.
1078.wav|Đó là tiếng rung đều đặn của một thiết bị điện tử.
1079.wav|Lâm Hạ nín thở, cô lần tìm chìa khóa trong chùm chìa vạn năng nhỏ mà mình chuẩn bị.
1080.wav|Sau vài giây căng thẳng, ngăn kéo bật mở.
1081.wav|Bên trong là một chiếc điện thoại đời cũ đang sáng đèn.
1082.wav|Một tin nhắn mới hiện lên: "Học sinh Nguyễn Minh đã hoàn thành phần số liệu.
1083.wav|Gửi vào tệp tin bảo mật như cũ."
1084.wav|Lâm Hạ run rẩy.
1085.wav|Đây chính là bằng chứng sống.
1086.wav|Cô không ngần ngại dùng thiết bị ghi hình của mình để ghi lại toàn bộ nội dung tin nhắn và các thư mục ẩn trong chiếc điện thoại đó.
1087.wav|"Cộp...
1088.wav|Cộp..."
1089.wav|Tiếng bước chân từ phía hành lang vang lên.
1090.wav|Tim Lâm Hạ như ngừng đập.
1091.wav|Ánh đèn pin của bảo vệ đang quét qua cửa kính mờ.
1092.wav|Cô vội vàng thu dọn mọi thứ, nhét thiết bị vào túi và chui tọt xuống gầm bàn làm việc bằng gỗ dày.
1093.wav|Ánh đèn pin rọi vào trong phòng, quét qua mặt bàn, dừng lại một giây ở chiếc chặn giấy hình chim ưng rồi dời đi.
1094.wav|Tiếng bước chân xa dần.
1095.wav|Lâm Hạ ngồi thụp dưới gầm bàn, mồ hôi lạnh chảy ròng ròng bên thái dương.
1096.wav|Cô vừa chạm tay vào bí mật lớn nhất của thầy Phan Vũ.
1097.wav|Những tệp tin mà ông ta gọi là "bảo mật" thực chất là những bài nghiên cứu bị đánh cắp chất xám từ những học sinh như Nguyễn Minh.
1098.wav|Khi đã chắc chắn không còn ai, Lâm Hạ nhanh chóng rời khỏi văn phòng, khóa cửa lại cẩn thận.
1099.wav|Bước ra ngoài không gian thoáng đãng, hơi thở của mùa hè không còn làm cô thấy ngột ngạt nữa.
1100.wav|Cô siết chặt thiết bị ghi âm trong túi.
1101.wav|Những âm thanh và hình ảnh cô vừa thu thập được sẽ là những phát súng đầu tiên nhắm vào đế chế của "vị bạo chúa".
1102.wav|Mùa hè này, bí mật của thầy Phan Vũ sẽ không còn được bảo mật thêm nữa.
1103.wav|CHƯƠNG 9: MẢNH GHÉP CUỐI CÙNG
1104.wav|Cơn mưa rào bất chợt của mùa hè đổ xuống thị trấn ngoại ô, làm dịu đi cái nóng hầm hập nhưng lại khiến lòng Lâm Hạ thêm phần bồn chồn.
1105.wav|Cô đứng dưới mái hiên của một căn nhà nhỏ nằm sâu trong con hẻm yên tĩnh, tay cầm mẩu giấy ghi tên người mà cô tin là nắm giữ chìa khóa cuối cùng của sự thật: Cô Mai Chi.
1106.wav|Mai Chi từng là giáo viên trẻ đầy triển vọng, đồng thời là trợ lý thân cận của thầy Phan Vũ cách đây ba năm.
1107.wav|Thế nhưng, cô đã đột ngột nộp đơn xin nghỉ việc và chuyển về quê sinh sống trong sự ngỡ ngàng của đồng nghiệp.
1108.wav|Qua những kẽ hở trong hồ sơ nhân sự mà Lâm Hạ lén xem được, cô nhận ra sự rời đi đó không hề bình thường.
1109.wav|Cánh cửa gỗ sơn xanh nhạt mở ra.
1110.wav|Một người phụ nữ có gương mặt thanh tú nhưng đượm buồn xuất hiện.
1111.wav|Nhìn thấy Lâm Hạ trong bộ đồng phục trường, cô Mai Chi khẽ giật mình, đôi mắt hiện lên vẻ bối rối.
1112.wav|"Em...
1113.wav|em từ trường đến tìm tôi sao?"
1114.wav|Lâm Hạ cúi đầu chào lễ phép: "Dạ, em là Lâm Hạ, học sinh của trường và cũng là phóng viên của tạp chí học đường.
1115.wav|Em đến đây không phải vì việc của trường, mà vì những gì cô đã phải trải qua."
1116.wav|Sau một thoáng ngần ngại, cô Mai Chi mời Lâm Hạ vào nhà.
1117.wav|Căn phòng khách nhỏ nhắn tràn ngập mùi trà nhài và tiếng mưa rơi đều đặn trên mái tôn.
1118.wav|Lâm Hạ không vòng vo, cô lấy từ trong cặp ra chiếc máy tính xách tay và mở tệp tin hình ảnh về những tin nhắn bí mật mà cô đã chụp được trong văn phòng thầy Phan Vũ đêm trước.
1119.wav|Nhìn thấy những dòng chữ trên màn hình, đôi bàn tay đang cầm tách trà của cô Mai Chi run lên bần bật.
1120.wav|Nước trà sóng sánh đổ ra bàn nhưng cô dường như không nhận ra.
1121.wav|"Ông ta...
1122.wav|ông ta vẫn tiếp tục làm điều đó sao?" Cô Mai Chi thì thào, giọng nói chứa đựng sự đớn đau tột cùng.
1123.wav|"Cô Mai Chi, em biết cô đã phải ra đi vì không muốn tiếp tay cho những sai phạm của thầy Phan Vũ.
1124.wav|Em đang thu thập bằng chứng để đưa sự thật ra ánh sáng vào đầu năm học mới.
1125.wav|Em cần cô giúp sức."
1126.wav|Cô Mai Chi im lặng nhìn ra cửa sổ, nơi màn mưa đang che mờ vạn vật.
1127.wav|Ký ức về những ngày tháng bị áp bức, bị buộc phải ký tên vào những chứng từ thu chi khống của "Quỹ thắp sáng ước mơ" ùa về như một cơn bão.
1128.wav|"Lâm Hạ, em có biết tại sao ông ta lại chọn tôi không?" Cô Mai Chi nghẹn ngào.
1129.wav|"Vì lúc đó tôi mới ra trường, tôi cần công việc và tôi tin vào vẻ ngoài đạo mạo của ông ta.
1130.wav|Nhưng khi tôi nhận ra ông ta không chỉ chiếm đoạt công sức nghiên cứu của học sinh, mà còn ăn chặn tiền hỗ trợ của những đứa trẻ nghèo để tư lợi cá nhân, tôi đã phản kháng."
1131.wav|Cô Mai Chi đứng dậy, bước đến chiếc tủ gỗ cũ ở góc phòng và lấy ra một phong thư dày bám bụi.
1132.wav|Cô đặt nó lên bàn, đẩy về phía Lâm Hạ.
1133.wav|"Đây là bản sao của những hóa đơn thực tế và những chứng từ đã bị thầy Phan Vũ sửa đổi.
1134.wav|Tôi đã giữ chúng suốt ba năm qua như một lá bùa hộ mệnh, và cũng là một nỗi ám ảnh.
1135.wav|Tôi từng quá sợ hãi quyền lực của ông ta nên đã chọn cách chạy trốn.
1136.wav|Nhưng nhìn thấy một nữ sinh như em dám dấn thân vào nguy hiểm, tôi thấy mình thật hèn nhát."
1137.wav|Lâm Hạ mở phong thư.
1138.wav|Những con số đối chọi nhau chan chát.
1139.wav|Một bên là số tiền thực tế ít ỏi mà học sinh nhận được, một bên là con số khổng lồ được khai báo với nhà tài trợ.
1140.wav|Sự chênh lệch đó chảy thẳng vào túi riêng của thầy Phan Vũ dưới danh nghĩa "chi phí quản lý".
1141.wav|"Mảnh ghép cuối cùng đây rồi." Lâm Hạ nói, ánh mắt rực lên niềm tin.
1142.wav|"Với những chứng từ này và bằng chứng ghi âm của em, thầy Phan Vũ sẽ không thể chối cãi được nữa."
1143.wav|Cô Mai Chi cầm lấy tay Lâm Hạ, đôi mắt rưng rưng: "Hãy cẩn thận, Lâm Hạ.
1144.wav|Thầy Phan Vũ rất nham hiểm.
1145.wav|Ông ta sẽ không ngồi yên khi thấy đế chế của mình bị đe dọa đâu.
1146.wav|Nếu em cần tôi ra mặt đối chứng trước hội đồng kỷ luật, tôi sẽ đi cùng em."
1147.wav|Lâm Hạ rời khỏi căn nhà khi cơn mưa đã ngớt.
1148.wav|Ánh nắng chiều le lói sau những tầng mây, tạo nên một dải cầu vồng nhạt nhòa phía chân trời.
1149.wav|Cô siết chặt chiếc túi xách chứa đựng "vũ khí" quan trọng nhất.
1150.wav|Mùa hè đang dần khép lại, nhưng cuộc chiến của Lâm Hạ mới thực sự bước vào giai đoạn quyết liệt nhất.
1151.wav|Cô không còn đơn độc trên con đường tìm kiếm công lý nữa.
1152.wav|Những nhân chứng câm lặng đang bắt đầu lên tiếng, và sự thật, dù bị vùi lấp sâu đến đâu, cũng đã đến ngày phải phơi bày dưới ánh mặt trời.
1153.wav|CHƯƠNG 10: KHOẢNG LẶNG TRƯỚC CƠN BÃO
1154.wav|Những tia nắng cuối cùng của tháng tám nhạt dần trên ô cửa sổ ký túc xá, để lại một bầu trời màu tím thẫm đầy tâm trạng.
1155.wav|Mùa hè đang khép lại, và cùng với đó là sự kết thúc của những ngày âm thầm bám đuổi các dấu vết.
1156.wav|Lâm Hạ ngồi lặng lẽ giữa căn phòng, xung quanh cô không còn là những chồng sách giáo khoa, mà là một "kho tàng" những sự thật chấn động.
1157.wav|Trên chiếc máy tính xách tay, những tệp tin âm thanh đã được biên tập kỹ lưỡng.
1158.wav|Những giọng nói run rẩy của Trần Hoàng, những lời thú tội đẫm nước mắt của Nguyễn Minh và cả giọng nói lạnh lùng như băng của thầy Phan Vũ hiện lên qua những biểu đồ sóng âm nhấp nhô.
1159.wav|Bên cạnh là xấp hóa đơn từ cô Mai Chi, những bằng chứng thép về việc trục lợi tài chính núp bóng dưới danh nghĩa quỹ hỗ trợ học đường.
1160.wav|Lâm Hạ bắt đầu sắp xếp lại tất cả.
1161.wav|Cô viết tiêu đề cho loạt bài phóng sự điều tra dài kỳ mà cô đã ấp ủ suốt ba tháng qua.
1162.wav|Ngón tay cô lướt trên bàn phím, từng chữ hiện ra như những nhát dao cắt vào màn đêm: "Ánh sáng phía sau bục giảng: Khi học bổng trở thành xiềng xích".
1163.wav|Bất chợt, Lâm Hạ dừng lại.
1164.wav|Cô bước đến trước tấm gương lớn treo trên cánh cửa tủ quần áo.
1165.wav|Trong gương, cô thấy một Lâm Hạ khác hẳn với ba tháng trước.
1166.wav|Đôi mắt vốn dĩ chỉ biết đến những mẩu tin nhỏ về các câu lạc bộ hay các hoạt động ngoại khóa, giờ đây đã hằn lên những quầng thâm của những đêm mất ngủ, nhưng lại rực sáng một ý chí sắt đá.
1167.wav|Cô tự hỏi bản thân: "Mình có sợ không?"
1168.wav|Câu trả lời là có.
1169.wav|Thầy Phan Vũ không phải là một đối thủ tầm thường.
1170.wav|Ông ta có quyền lực, có sự kính trọng từ hội đồng nhà trường và hơn hết là một sự nham hiểm đã được che đậy hoàn hảo.
1171.wav|Một khi loạt bài này được đăng tải trên trang điện tử của tạp chí trường vào sáng mai, Lâm Hạ sẽ không còn đường lui.
1172.wav|Cô có thể bị kỷ luật, bị đuổi học, thậm chí là bị kiện vì hành vi thu thập thông tin mà không được phép.
1173.wav|Công lý luôn đi kèm với một cái giá.
1174.wav|Và Lâm Hạ biết, cái giá của cô chính là sự bình yên của những năm tháng học sinh còn lại.
1175.wav|Lâm Hạ đưa tay chạm nhẹ vào mặt gương lạnh ngắt.
1176.wav|Cô nhớ lại dáng vẻ của Nguyễn Minh khi bị ép làm việc trong nhà kho, nhớ lại sự run rẩy của cô Mai Chi khi đưa ra tập hóa đơn.
1177.wav|Nếu cô im lặng lúc này, cô sẽ trở thành kẻ đồng lõa với bóng tối.
1178.wav|"Không thể quay đầu lại nữa." Lâm Hạ tự nhủ, giọng nói nhỏ nhẹ nhưng vang vọng khắp căn phòng vắng.
1179.wav|Cô quay lại bàn làm việc, nhấn nút lưu lại bản thảo cuối cùng.
1180.wav|Một cảm giác nhẹ nhõm kỳ lạ xâm chiếm tâm hồn, giống như một người vừa trút bỏ được tảng đá ngàn cân sau lưng.
1181.wav|Ngày mai, khi tiếng trống khai trường vang lên, cả ngôi trường sẽ bàng hoàng.
1182.wav|Nhưng đó là sự bàng hoàng cần thiết để phá tan lớp vỏ bọc dối trá.
1183.wav|Lâm Hạ tắt máy tính, nằm xuống giường và nhắm mắt lại.
1184.wav|Bên ngoài, gió mùa thu bắt đầu thổi, mang theo hơi lạnh đầu mùa và mùi của những trang giấy mới.
1185.wav|Đó là khoảng lặng cuối cùng trước khi cơn bão do chính cô tạo ra sẽ quét qua ngôi trường này, mang theo sự thật và trả lại sự công bằng cho những trái tim đang bị tổn thương.
1186.wav|Đêm nay, Lâm Hạ ngủ một giấc thật sâu, vì cô biết ngày mai, cuộc chiến thực sự mới bắt đầu.
1187.wav|CHƯƠNG 11: NGÀY KHAI TRƯỜNG RỰC LỬA
1188.wav|Tiếng trống khai trường vang lên dõng dạc, báo hiệu một năm học mới chính thức bắt đầu.
1189.wav|Sân trường rực rỡ trong sắc đỏ của cờ hoa và sắc trắng tinh khôi của những tà áo dài.
1190.wav|Những quả bóng bay đủ màu sắc được thả lên bầu trời trong xanh, mang theo bao ước vọng của các bạn học sinh.
1191.wav|Khắp nơi đều là tiếng cười nói, những cái bắt tay chúc mừng và không khí náo nức của ngày hội lớn.
1192.wav|Lâm Hạ đứng giữa đám đông bạn bè, nhưng cô cảm thấy mình như đang ở một thế giới hoàn toàn khác.
1193.wav|Trong khi mọi người đang hướng về sân khấu chính, nơi các thầy cô trong ban giám hiệu đang đọc diễn văn khai mạc, thì đôi bàn tay cô lại đang run nhẹ khi cầm chiếc điện thoại trong túi áo.
1194.wav|Đúng tám giờ ba mươi phút, thời điểm thầy hiệu trưởng bước lên bục phát biểu, Lâm Hạ hít một hơi thật sâu và nhấn nút "Đăng tải" trên trang điện tử chính thức của Tạp chí Gương Mặt Trường Học.
1195.wav|Tiêu đề bài viết hiện lên đỏ rực trên giao diện điện thoại: "HỌC BỔNG HAY LÀ XIỀNG XÍCH: PHÍA SAU LỚP VỎ BỌC CỦA SỰ ƯU TÚ".
1196.wav|Chỉ vài phút sau, không khí yên lặng của buổi lễ bắt đầu bị phá vỡ bởi những tiếng rung liên hồi từ túi quần, túi áo của hàng ngàn học sinh.
1197.wav|Những cái cúi đầu nhìn vào màn hình điện thoại bắt đầu xuất hiện ngày càng nhiều.
1198.wav|Những tiếng xì xào, bàn tán như những đợt sóng ngầm bắt đầu lan rộng từ các khối lớp phía sau lên đến hàng ghế đầu.
1199.wav|Lâm Hạ đứng đó, ánh mắt cô không rời khỏi khán đài, nơi thầy Phan Vũ đang ngồi ở vị trí danh dự dành cho những giáo viên tiêu biểu.
1200.wav|Ông ta vẫn giữ phong thái ung dung, tự tại, cho đến khi một giáo viên trẻ bên cạnh lo lắng đưa cho ông ta chiếc điện thoại.
1201.wav|Lâm Hạ nhìn thấy rất rõ khoảnh khắc gương mặt thầy Phan Vũ biến sắc.
1202.wav|Đôi mắt sắc lẹm của ông ta nheo lại, những ngón tay siết chặt lấy thành ghế gỗ đến mức các khớp xương trắng bệch ra.
1203.wav|Ánh hào quang của một "người bảo trợ thiên tài" d dường như bắt đầu rạn nứt ngay dưới ánh nắng chói chang của buổi lễ.
1204.wav|Bài báo của Lâm Hạ không chỉ là những lời cáo buộc suông.
1205.wav|Đó là một tập hồ sơ chi tiết với những hình ảnh chụp lại chứng từ bị sửa đổi, những đoạn âm thanh ghi lại sự chèn ép đối với Nguyễn Minh và những lời tự sự đầy đau đớn của những người đi trước.
1206.wav|Từng câu, từng chữ như những nhát búa đóng vào sự dối trá bấy lâu nay.
1207.wav|"Nhìn kìa, đó là sự thật sao?"
1208.wav|"Thầy Phan Vũ thực sự đã làm vậy với học sinh sao?"
1209.wav|"Quỹ hỗ trợ đó thực chất là để ông ta tư lợi à?"
1210.wav|Những tiếng bàn tán không còn là tiếng thì thầm nữa.
1211.wav|Nó trở thành một làn sóng phẫn nộ âm ỉ.
1212.wav|Trên sân khấu, thầy hiệu trưởng phải ngừng lời phát biểu vì sự hỗn loạn phía dưới.
1213.wav|Lực lượng bảo vệ và các thầy cô giám thị bắt đầu đi lại để ổn định trật tự, nhưng dường như sự thật một khi đã phát tán thì không điều gì có thể ngăn cản được.
1214.wav|Nguyễn Minh đứng cách Lâm Hạ không xa.
1215.wav|Cậu ta nhìn cô với ánh mắt đầy biết ơn, đôi vai gầy gò của cậu lần đầu tiên sau nhiều tháng dường như đã bớt trĩu nặng.
1216.wav|Lâm Hạ khẽ gật đầu với cậu, một thông điệp không lời về sự cam kết của cô.
1217.wav|Bất chợt, thầy Phan Vũ đứng dậy.
1218.wav|Ông ta không nhìn về phía đám đông đang xôn xao, mà ánh mắt ông ta quét thẳng về phía ban nội dung của tạp chí trường, chính xác là dừng lại ở vị trí của Lâm Hạ.
1219.wav|Sự đối đầu giữa hai ánh mắt diễn ra giữa hàng ngàn người, lạnh lẽo và đầy sát khí.
1220.wav|Thầy Phan Vũ không hề tỏ ra sợ hãi, mà ngược lại, ánh mắt ông ta chứa đựng một sự đe dọa cực kỳ khủng khiếp.
1221.wav|Buổi lễ khai trường rực rỡ bỗng chốc trở thành một cuộc khủng hoảng truyền thông lớn nhất trong lịch sử ngôi trường.
1222.wav|Lâm Hạ biết, đây chỉ là phát súng mở màn.
1223.wav|Bài báo đã lên trang, sự thật đã được phơi bày, nhưng cuộc chiến thực sự để buộc những kẻ có lỗi phải trả giá mới chỉ vừa mới bắt đầu.
1224.wav|Mặt trời trên cao vẫn tỏa nắng rực rỡ, nhưng đối với Lâm Hạ, ngày hôm nay không phải là ngày bắt đầu một năm học mới, mà là ngày khởi đầu cho một hành trình đòi lại công lý đầy cam go.
1225.wav|CHƯƠNG 12: ĐÒN PHẢN CÔNG CỦA BẠO CHÚA
1226.wav|Bầu không khí náo nhiệt của buổi lễ khai giảng tan biến nhanh chóng như một bóng bong bóng xà phòng bị đâm thủng.
1227.wav|Thay vào đó là một sự im lặng căng thẳng bao trùm khắp các dãy hành lang.
1228.wav|Chỉ mười lăm phút sau khi bài báo được đăng tải, Lâm Hạ nhận được lệnh triệu tập khẩn cấp lên văn phòng hội đồng nhà trường.
1229.wav|Khi bước vào căn phòng rộng lớn với những hàng ghế gỗ bọc da sang trọng, Lâm Hạ cảm nhận được hàng chục ánh mắt đang đổ dồn về phía mình.
1230.wav|Ở vị trí trung tâm, thầy hiệu trưởng ngồi với gương mặt nghiêm nghị, đôi lông mày nhíu chặt.
1231.wav|Và ngay bên cạnh ông, thầy Phan Vũ đứng đó, gương mặt đã lấy lại vẻ bình thản đến đáng sợ.
1232.wav|"Lâm Hạ, em có biết mình vừa gây ra chuyện gì không?" Thầy hiệu trưởng lên tiếng, giọng nói trầm buồn và nặng nề.
1233.wav|Lâm Hạ đứng thẳng lưng, đôi bàn tay đan chặt vào nhau: "Thưa thầy, em biết ạ.
1234.wav|Em vừa công bố kết quả của một cuộc điều tra kéo dài suốt ba tháng hè về những bất ổn trong việc quản lý quỹ hỗ trợ học sinh."
1235.wav|"Điều tra?
1236.wav|Em gọi đó là điều tra sao?" Thầy Phan Vũ bất ngờ cắt ngang.
1237.wav|Giọng ông ta không còn lạnh lùng như ở thư viện mà mang một vẻ đầy uất ức và phẫn nộ được dàn dựng công phu.
1238.wav|"Em đã xâm phạm đời tư cá nhân, đánh cắp thông tin bảo mật và bôi nhọ danh dự của một giáo viên đã cống hiến mười năm cho ngôi trường này.
1239.wav|Đây không phải là làm báo, đây là một hành vi vi phạm pháp luật nghiêm trọng!"
1240.wav|Thầy Phan Vũ quay sang phía hội đồng, tay chỉ vào màn hình máy tính đang hiển thị bài báo:
1241.wav|"Thưa hội đồng, những chứng từ mà em Lâm Hạ đưa ra là những tài liệu chưa được xác thực, thậm chí có dấu hiệu bị cắt ghép.
1242.wav|Việc em ấy tự ý lẻn vào văn phòng của tôi vào ban đêm là hành động không thể chấp nhận được đối với một học sinh.
1243.wav|Nếu chúng ta không xử lý nghiêm, kỷ cương của nhà trường sẽ để đâu?"
1244.wav|Một vị trong hội đồng quản trị gật đầu đồng tình, ánh mắt nhìn Lâm Hạ đầy vẻ trách cứ: "Việc em tự ý đăng tải nội dung gây hoang mang dư luận ngay trong ngày khai trường là một sự thiếu tôn trọng đối với tập thể nhà trường."
1245.wav|Lâm Hạ cảm thấy lồng ngực mình nghẹn lại.
1246.wav|Cô đã lường trước được việc thầy Phan Vũ sẽ chối bỏ bằng chứng, nhưng cô không ngờ sức ảnh hưởng của ông ta đối với hội đồng lại lớn đến thế.
1247.wav|Họ đang nhìn vào "quy trình" vi phạm của cô thay vì nhìn vào bản chất của sự thật mà cô đã phơi bày.
1248.wav|Thầy hiệu trưởng thở dài, đưa ra quyết định cuối cùng sau một hồi thảo luận ngắn:
1249.wav|"Vì tính chất nghiêm trọng của vụ việc, nhà trường quyết định đình bản tờ Tạp chí Gương Mặt Trường Học ngay lập tức.
1250.wav|Toàn bộ các bài đăng trên trang điện tử phải bị gỡ bỏ trong vòng mười lăm phút tới.
1251.wav|Riêng đối với cá nhân em Lâm Hạ, em sẽ bị đình chỉ học tập tạm thời để hội đồng kỷ luật xem xét hình thức xử lý cuối cùng, không loại trừ khả năng buộc thôi học."
1252.wav|"Thưa thầy, nhưng còn những bằng chứng..." Lâm Hạ cố gắng lên tiếng nhưng tiếng nói của cô bị lấn át bởi tiếng gõ búa xuống mặt bàn của thầy hiệu trưởng.
1253.wav|"Buổi họp kết thúc ở đây.
1254.wav|Em về phòng chuẩn bị bản kiểm điểm đi."
1255.wav|Lâm Hạ bước ra khỏi văn phòng hội đồng, đôi chân cô lảo đảo như muốn quỵ xuống.
1256.wav|Ngay khi cánh cửa khép lại, thầy Phan Vũ cũng bước ra theo.
1257.wav|Ông ta đi lướt qua cô, dừng lại một giây đủ để để lại một lời nói thì thầm đầy cay độc:
1258.wav|"Tôi đã cảnh báo em rồi, cái giá phải trả cho sự tò mò luôn rất đắt.
1259.wav|Em đã thua rồi, Lâm Hạ ạ."
1260.wav|Lâm Hạ đứng lặng người giữa hành lang vắng lặng.
1261.wav|Tờ báo bị đình bản, cô đứng trước nguy cơ bị đuổi học, và sự thật đang bị quyền lực dập tắt một cách tàn nhẫn.
1262.wav|Nhưng khi nhìn ra sân trường, nơi các bạn học sinh vẫn đang nhìn vào điện thoại và bàn tán xôn xao, Lâm Hạ chợt nhận ra: Sự thật không giống như một trang giấy có thể dễ dàng bị xé bỏ.
1263.wav|Một khi ngọn lửa đã được thắp lên, dù có bị dập tắt ở chỗ này, nó sẽ âm ỉ cháy ở chỗ khác.
1264.wav|Đòn phản công của thầy Phan Vũ rất mạnh, nhưng chính sự cực đoan của ông ta đã vô tình xác nhận rằng ông ta đang thực sự sợ hãi những gì cô đang nắm giữ.
1265.wav|Cuộc chiến này, giờ đây mới thực sự bước vào giai đoạn không khoan nhượng.
1266.wav|CHƯƠNG 13: NHỮNG TIẾNG NÓI THỨC TỈNH
1267.wav|Lâm Hạ bước ra khỏi cổng trường với tờ quyết định đình chỉ học tập tạm thời nằm gọn trong ngăn ngoài của ba lô.
1268.wav|Cái nắng của buổi trưa không còn làm cô cảm thấy rát da thịt, bởi sự lạnh lẽo từ văn phòng hội đồng vẫn còn đang bủa vây tâm trí cô.
1269.wav|Phía sau lưng cô, ngôi trường vẫn đang trong không khí của ngày đầu năm học, nhưng sự xôn xao đã chuyển từ tiếng cười nói sang những lời xì xào đầy nghi ngại.
1270.wav|Cô cứ thế đi bộ dọc theo con phố nhỏ dẫn về phía ký túc xá.
1271.wav|Cô đã nghĩ mình sẽ khóc, nhưng nước mắt dường như đã cạn khô vì sự phẫn nộ.
1272.wav|Thầy Phan Vũ có thể dùng quyền lực để đóng cửa một tờ báo, nhưng ông ta không thể đóng cửa trí nhớ của hàng ngàn con người đã kịp đọc những dòng chữ đó.
1273.wav|"Lâm Hạ!
1274.wav|Đợi đã!"
1275.wav|Một tiếng gọi từ phía sau khiến cô khựng lại.
1276.wav|Là Nguyễn Minh.
1277.wav|Cậu bạn đang chạy vội vã về phía cô, trên gương mặt vẫn còn vương nét lo âu nhưng ánh mắt lại chứa đựng một sự quyết tâm lạ thường.
1278.wav|"Hạ...
1279.wav|mình nghe tin rồi.
1280.wav|Họ không thể làm thế với bạn được," Nguyễn Minh thở dốc, hai tay vịn vào gối.
1281.wav|Lâm Hạ mỉm cười buồn bã: "Minh à, họ đã làm rồi.
1282.wav|Tờ báo bị đình bản, mình cũng không được đến lớp cho đến khi có quyết định mới.
1283.wav|Có lẽ mình đã quá nóng vội."
1284.wav|"Không, bạn không nóng vội," một giọng nói khác vang lên.
1285.wav|Lâm Hạ ngạc nhiên quay lại.
1286.wav|Đó là nhóm học sinh khối dưới, những người vốn dĩ luôn giữ khoảng cách với các vụ lùm xùm trong trường.
1287.wav|Trên tay họ là những chiếc điện thoại đang hiển thị màn hình mạng xã hội.
1288.wav|"Trang điện tử của tạp chí bị gỡ xuống, nhưng tụi mình đã kịp lưu lại ảnh chụp màn hình bài viết của bạn.
1289.wav|Tụi mình đã chia sẻ nó vào tất cả các nhóm học tập.
1290.wav|Thầy Phan Vũ có thể xóa một trang web, nhưng thầy không thể xóa sạch dấu vết trên mạng," một nữ sinh dũng cảm lên tiếng.
1291.wav|Lâm Hạ sững sờ.
1292.wav|Cô nhìn vào màn hình điện thoại của họ.
1293.wav|Bài báo của cô đang được lan truyền với tốc độ chóng mặt.
1294.wav|Dưới mỗi bài chia sẻ là hàng trăm bình luận từ những học sinh khác.
1295.wav|Có người bày tỏ sự bàng hoàng, có người bắt đầu kể lại những trải nghiệm tương tự mà họ từng gặp phải với thầy Phan Vũ.
1296.wav|Sự sợ hãi bấy lâu nay dường như đã tìm thấy một lối thoát.
1297.wav|Những tiếng nói vốn dĩ câm lặng bắt đầu trỗi dậy.
1298.wav|Một làn sóng ngầm của sự đoàn kết đang hình thành từ chính nỗi đau và sự bất công mà họ đã phải chịu đựng.
1299.wav|"Bọn mình đã lập một diễn đàn kín để thu thập thêm bằng chứng," Nguyễn Minh nói, giọng cậu đã bình tĩnh và chắc chắn hơn.
1300.wav|"Không chỉ có mình, còn rất nhiều bạn khác sẵn sàng đứng ra làm chứng nếu hội đồng kỷ luật mở lại phiên họp.
1301.wav|Chúng mình sẽ không để bạn phải đối mặt với ông ta một mình."
1302.wav|Lâm Hạ cảm thấy một luồng điện chạy dọc sống lưng, nhưng lần này không phải là vì sợ hãi, mà là vì sự xúc động mãnh liệt.
1303.wav|Cô nhận ra rằng, dù tờ báo giấy không còn, nhưng tinh thần của nó đang sống động hơn bao giờ hết trong lòng mỗi học sinh.
1304.wav|Trong khi đó, bên trong tòa nhà hiệu bộ, thầy Phan Vũ đứng bên cửa sổ, nhìn xuống đám đông học sinh đang tụ tập dưới sân trường.
1305.wav|Ông ta nhận thấy điều gì đó không ổn.
1306.wav|Những học sinh không còn tránh né ánh mắt của ông ta như trước, thay vào đó là những cái nhìn trực diện, đầy chất vấn.
1307.wav|Chiếc điện thoại trên bàn làm việc của ông ta rung lên liên tục với những thông báo không mấy tốt đẹp.
1308.wav|Sự thức tỉnh của đám đông là điều mà những kẻ cầm quyền bằng nỗi sợ hãi lo sợ nhất.
1309.wav|Thầy Phan Vũ nhận ra rằng, đòn phản công của ông ta có thể đã bóp nghẹt một cá nhân, nhưng lại vô tình đánh thức cả một tập thể đang say ngủ trong sự phục tùng.
1310.wav|Lâm Hạ nắm chặt tay Nguyễn Minh và các bạn.
1311.wav|Cô hiểu rằng cuộc chiến này đã chuyển sang một giai đoạn mới.
1312.wav|Nó không còn là cuộc điều tra cá nhân của một nữ sinh phóng viên nữa, mà đã trở thành cuộc đấu tranh cho danh dự và công bằng của cả một thế hệ học trò.
1313.wav|"Cảm ơn các bạn," Lâm Hạ nói, đôi mắt cô rực sáng.
1314.wav|"Nếu mọi người đã không sợ, thì mình cũng không có lý do gì để lùi bước.
1315.wav|Chúng ta sẽ làm điều này đến cùng."
1316.wav|Cơn bão thực sự không phải là bài báo đã bị gỡ bỏ, mà là ngọn lửa đang bắt đầu âm ỉ cháy trong tâm trí của mỗi học sinh dưới mái trường này.
1317.wav|CHƯƠNG 14: CUỘC THẨM VẤN TẠI VĂN PHÒNG HIỆU TRƯỞNG
1318.wav|Sức ép từ những bài chia sẻ trên mạng xã hội và tiếng vang của diễn đàn học sinh đã buộc Ban giám hiệu phải mở một cuộc điều tra chính thức.
1319.wav|Thay vì một buổi gặp mặt kín như lần trước, lần này văn phòng Hiệu trưởng có thêm sự hiện diện của đại diện hội phụ huynh và một vài giáo viên có uy tín trong trường.
1320.wav|Lâm Hạ bước vào căn phòng, cảm giác không khí đặc quánh sự căng thẳng.
1321.wav|Thầy Phan Vũ ngồi đó, lưng thẳng tắp, gương mặt vẫn giữ vẻ điềm tĩnh của một người nắm giữ quyền lực.
1322.wav|Tuy nhiên, đôi mắt ông ta không giấu nổi sự mệt mỏi khi phải đối mặt với hàng loạt câu hỏi chất vấn từ phía phụ huynh từ sáng sớm.
1323.wav|"Lâm Hạ, chúng tôi triệu tập em hôm nay để làm rõ những nội dung trong bài báo và cũng để nghe ý kiến phản hồi từ thầy Phan Vũ," Thầy Hiệu trưởng lên tiếng, giọng ông có phần mệt mỏi.
1324.wav|"Thầy Phan Vũ cho rằng những bằng chứng của em là kết quả của việc đánh cắp dữ liệu và xâm phạm đời tư."
1325.wav|Thầy Phan Vũ khẽ nhếch môi, giọng nói vang lên đầy uy quyền: "Thưa Hiệu trưởng, thưa quý phụ huynh, tôi không phủ nhận mình có những yêu cầu khắt khe với học sinh để các em đạt kết quả tốt nhất.
1326.wav|Nhưng những gì em Lâm Hạ viết là một sự bóp méo ác ý.
1327.wav|Việc em ấy đột nhập vào văn phòng tôi là hành vi không thể dung thứ trong môi trường giáo dục."
1328.wav|Lâm Hạ đứng giữa phòng, cô nhìn thẳng vào thầy Phan Vũ.
1329.wav|Sự sợ hãi từng khiến cô run rẩy trong thang máy ngày nào giờ đã biến mất, thay vào đó là một sự điềm tĩnh đến lạ kỳ.
1330.wav|"Thưa thầy Hiệu trưởng, em thừa nhận mình đã vào văn phòng thầy Phan Vũ mà không có sự cho phép.
1331.wav|Em sẵn sàng nhận kỷ luật về hành động đó," Lâm Hạ nói, giọng cô rõ ràng và vang vọng.
1332.wav|"Nhưng lý do em phải làm vậy là vì sự im lặng đáng sợ bao trùm lấy những nạn nhân của thầy Phan Vũ.
1333.wav|Nếu không có bằng chứng, tiếng nói của những học sinh như Nguyễn Minh sẽ mãi mãi bị vùi lấp."
1334.wav|Lâm Hạ lấy từ trong túi ra một chiếc máy nghe nhạc nhỏ, kết nối nó với hệ thống loa của văn phòng.
1335.wav|"Thầy Phan Vũ nói rằng em bóp méo sự thật.
1336.wav|Vậy mời thầy và hội đồng nghe đoạn âm thanh này.
1337.wav|Đây là những gì thầy đã nói với em trong mùa hè vừa qua, khi thầy tưởng rằng không có ai chứng kiến."
1338.wav|Tiếng rè rè của băng thu âm vang lên, rồi một giọng nói trầm thấp, lạnh lùng phát ra:
1339.wav|“...Sự tò mò quá mức thường dẫn đến những kết cục không mấy tốt đẹp.
1340.wav|Có những cánh cửa trong ngôi trường này được khóa lại là có lý do của nó.
1341.wav|Một khi em đã chạm tay vào tay nắm cửa, em sẽ không còn đường lui đâu...
1342.wav|Đừng để khi năm học mới bắt đầu, em lại là người phải hối tiếc.”
1343.wav|Cả căn phòng rơi vào một sự im lặng rợn người.
1344.wav|Gương mặt thầy Phan Vũ từ tái nhợt chuyển sang xám xịt.
1345.wav|Những lời đe dọa trực diện đó không thể là kết quả của sự "cắt ghép".
1346.wav|Đó là bằng chứng xác thực nhất về việc một giáo viên dùng quyền lực để trấn áp tinh thần học sinh.
1347.wav|"Đây là những lời thầy nói với một nữ sinh khi em ấy chỉ đang làm nhiệm vụ của một phóng viên," Lâm Hạ tiếp tục, ánh mắt cô rực sáng.
1348.wav|"Và em còn có ở đây danh sách đầy đủ những học sinh đã phải làm việc không công cho các dự án cá nhân của thầy để đổi lấy điểm số và học bổng.
1349.wav|Các bạn ấy đang đứng đợi ở ngoài cửa văn phòng này, sẵn sàng vào đối chất."
1350.wav|Thầy Hiệu trưởng nhìn sang thầy Phan Vũ, ánh mắt ông giờ đây đầy sự thất vọng và nghiêm khắc.
1351.wav|Đại diện hội phụ huynh bắt đầu xì xào phẫn nộ.
1352.wav|Lớp mặt nạ của "vị bảo trợ thiên tài" đang vỡ vụn từng mảng ngay trước mắt mọi người.
1353.wav|"Thầy Phan Vũ, thầy có giải thích gì về đoạn ghi âm này không?" Thầy Hiệu trưởng hỏi, giọng ông đanh lại.
1354.wav|Thầy Phan Vũ mấp máy môi nhưng không thốt ra được lời nào.
1355.wav|Sự tự tin thường ngày đã biến mất hoàn toàn.
1356.wav|Ông ta nhận ra rằng, mình không chỉ đối đầu với một nữ sinh phóng viên, mà đang đối đầu với sự thật mà chính ông ta đã dày công che đậy.
1357.wav|Lâm Hạ tắt máy ghi âm.
1358.wav|Cô biết cuộc thẩm vấn này chỉ là khởi đầu.
1359.wav|Sự thật đã được phơi bày trong căn phòng này, và nó sẽ sớm lan ra khắp ngôi trường, mang theo ánh sáng của công lý mà cô đã kiên trì tìm kiếm suốt một mùa hè dài.
1360.wav|CHƯƠNG 15: PHÓNG SỰ DÀI KỲ
1361.wav|Sau cuộc đối chất căng thẳng tại văn phòng Hiệu trưởng, ngôi trường dường như bị chia làm hai nửa.
1362.wav|Một nửa vẫn duy trì vẻ ngoài bình lặng của những giờ lên lớp, nửa còn lại là những đợt sóng ngầm mãnh liệt trên không gian mạng.
1363.wav|Tờ báo giấy bị đình bản, trang điện tử chính thức bị khóa, nhưng Lâm Hạ không hề dừng bước.
1364.wav|Cô hiểu rằng, khi một cánh cửa bị đóng lại, sự thật sẽ tìm cách len lỏi qua những kẽ hở khác.
1365.wav|Đêm hôm đó, trong căn phòng nhỏ ở ký túc xá, Lâm Hạ tiếp tục làm việc dưới ánh đèn bàn lờ mờ.
1366.wav|Ngón tay cô lướt nhanh trên bàn phím, hoàn thiện phần hai của loạt phóng sự với tiêu đề: "Giao dịch điểm số: Khi tri thức bị mang ra mua bán".
1367.wav|Lâm Hạ không còn đăng bài trên nền tảng của trường.
1368.wav|Cô chuyển toàn bộ nội dung sang một nhật ký cá nhân trực tuyến và chia sẻ đường dẫn vào diễn đàn của hội học sinh và phụ huynh.
1369.wav|Phần hai của bài báo bóc trần những chi tiết cụ thể đến mức đáng sợ.
1370.wav|Cô công bố danh sách những đề tài nghiên cứu đạt giải cao của thầy Phan Vũ trong ba năm qua, kèm theo đó là những bằng chứng cho thấy chúng thực chất được viết bởi những học sinh đang cần điểm cộng để xét học bổng.
1371.wav|Từng mẩu tin nhắn, từng bản thảo viết tay của học sinh được cô trình bày một cách khoa học và chặt chẽ.
1372.wav|Sáng hôm sau, sức nóng của bài viết đã lan tỏa đến mức không thể kiểm soát.
1373.wav|Các bậc phụ huynh bắt đầu tập trung trước cổng trường, yêu cầu một lời giải thích thỏa đáng từ Hội đồng quản trị.
1374.wav|Họ không thể chấp nhận việc con em mình bị biến thành công cụ lao động chất xám cho danh tiếng của một cá nhân.
1375.wav|Không để cơn sốt hạ nhiệt, ngay buổi chiều, Lâm Hạ tung ra phần ba: "Lỗ hổng của sự tử tế - Sự thật về Quỹ hỗ trợ học đường".
1376.wav|Đây là đòn giáng mạnh nhất.
1377.wav|Những chứng từ từ cô Mai Chi được phơi bày.
1378.wav|Những con số chênh lệch hàng trăm triệu đồng giữa tiền tài trợ thực tế và tiền đến tay học sinh đã gây nên một làn sóng phẫn nộ cực độ.
1379.wav|Những lời bao biện về "chi phí quản lý" của thầy Phan Vũ trước đó trở nên lố bịch và trơ trẽn trước những bằng chứng thép này.
1380.wav|Bên trong hành lang nhà hiệu bộ, không khí nặng nề như chì.
1381.wav|Cửa văn phòng của thầy Phan Vũ đóng chặt, nhưng người ta vẫn thấy những bóng người đi lại hối hả bên trong.
1382.wav|Những giáo viên khác, vốn dĩ trước đây luôn giữ thái độ trung lập, giờ đây cũng bắt đầu lên tiếng.
1383.wav|Họ không muốn danh tiếng của ngôi trường giàu truyền thống bị hủy hoại bởi sai phạm của một cá nhân.
1384.wav|Nguyễn Minh và nhóm bạn của mình đã tổ chức một chiến dịch thầm lặng.
1385.wav|Họ in những bài báo của Lâm Hạ ra khổ giấy lớn và dán lên các bảng tin công cộng xung quanh trường.
1386.wav|Mỗi khi một bản in bị xé đi, mười bản in khác lại xuất hiện.
1387.wav|Sự thật giờ đây giống như dòng nước lũ, càng bị ngăn chặn thì sức công phá càng trở nên mãnh liệt.
1388.wav|Trước áp lực quá lớn từ dư luận và sự phản kháng mạnh mẽ của tập thể học sinh, Ban giám hiệu không còn cách nào khác là phải tổ chức một cuộc họp khẩn cấp với sự tham gia của thanh tra giáo dục.
1389.wav|Lâm Hạ ngồi ở ghế đá sân trường, nhìn những chiếc xe của cơ quan chức năng tiến vào cổng chính.
1390.wav|Cô mệt mỏi nhưng đôi mắt lại ánh lên vẻ nhẹ nhõm.
1391.wav|Phóng sự dài kỳ của cô đã hoàn thành nhiệm vụ của nó.
1392.wav|Nó không chỉ là những con chữ trên màn hình, mà đã trở thành tiếng nói của công lý, buộc những người cầm quyền phải đối diện với bóng tối mà họ đã dung túng bấy lâu nay.
1393.wav|Cô lôi từ trong túi áo ra chiếc thẻ cộng tác viên tạp chí đã bị thu hồi, khẽ mỉm cười.
1394.wav|Thẻ có thể mất, tòa soạn có thể đóng cửa, nhưng cây bút của một người phóng viên chân chính thì sẽ luôn tìm thấy con đường để bảo vệ lẽ phải.
1395.wav|Cuộc chiến pháp lý có thể còn dài, nhưng cuộc chiến trong lòng người, Lâm Hạ biết mình đã giành chiến thắng.
1396.wav|CHƯƠNG 16: SỰ SỤP ĐỔ CỦA MỘT TƯỢNG ĐÀI
1397.wav|Tiếng còi xe của cơ quan chức năng vang lên lần cuối rồi tắt hẳn khi chiếc xe rời khỏi cổng trường.
1398.wav|Sau một tuần làm việc căng thẳng, đoàn thanh tra giáo dục đã công bố kết quả điều tra sơ bộ.
1399.wav|Những gì Lâm Hạ vạch trần chỉ là bề nổi của một tảng băng chìm.
1400.wav|Những sai phạm về tài chính, việc trục lợi từ các dự án khoa học và hành vi áp chế tinh thần học sinh của Phan Vũ đã được xác minh là có thật.
1401.wav|Bản thông báo chính thức được dán trang trọng trên bảng tin trung tâm và gửi đến hòm thư điện tử của từng phụ huynh.
1402.wav|Phan Vũ bị đình chỉ công tác hoàn toàn, tước bỏ mọi danh hiệu thi đua và phải đối mặt với các hình thức kỷ luật cao nhất của ngành giáo dục.
1403.wav|Hành lang dãy nhà hiệu bộ chiều hôm nay vắng lặng một cách lạ thường.
1404.wav|Không có những tiếng reo hò hay ăn mừng chiến thắng rầm rộ.
1405.wav|Thay vào đó là một sự im lặng nặng nề, như thể mọi người đang cùng nhau chiêm nghiệm về một bài học đắt giá.
1406.wav|Lâm Hạ đứng tựa lưng vào lan can tầng hai, ánh mắt dõi theo cánh cửa văn phòng của Phan Vũ đang từ từ mở ra.
1407.wav|Lần đầu tiên sau nhiều năm, người đàn ông ấy xuất hiện mà không có sự hộ tống hay những lời chào đón cung kính.
1408.wav|Phan Vũ bước ra, trên tay cầm một chiếc cặp da cũ.
1409.wav|Ông ta vẫn ăn mặc vô cùng chỉnh tề, bộ âu phục không một nếp nhăn, đôi giày da vẫn được đánh bóng loáng.
1410.wav|Thế nhưng, dáng vẻ ấy không còn toát ra sự uy nghiêm như trước.
1411.wav|Những sợi tóc bạc lộ rõ dưới ánh nắng chiều, và đôi vai vốn dĩ luôn thẳng tắp giờ đây hơi trùng xuống dưới sức nặng của sự thật.
1412.wav|Khi Phan Vũ đi dọc hành lang, những học sinh đang đứng đó đều tự giác dạt sang hai bên, tạo thành một lối đi trống trải.
1413.wav|Không có tiếng la ó, không có những lời mỉa mai.
1414.wav|Chỉ có hàng trăm ánh mắt dõi theo trong sự tĩnh mịch đến đáng sợ.
1415.wav|Sự im lặng này còn tàn nhẫn hơn bất kỳ lời chỉ trích nào, bởi nó cho thấy sự tôn trọng cuối cùng dành cho một người thầy đã hoàn toàn biến mất.
1416.wav|Phan Vũ đi ngang qua Lâm Hạ.
1417.wav|Ông ta khựng lại một nhịp, đôi mắt sắc lẹm vốn dĩ từng khiến cô run rẩy giờ đây trông thật mệt mỏi và trống rỗng.
1418.wav|Ông ta nhìn cô, nhưng không nói lời nào.
1419.wav|Sự đối lập giữa một nữ sinh nhỏ bé với cây bút trong tay và một người đàn ông quyền lực đã sụp đổ hiện lên thật rõ nét.
1420.wav|Ông ta tiếp tục bước đi, tiếng giày da nện xuống sàn gỗ vang lên từng nhịp "cộp, cộp" đơn điệu, nghe như tiếng gõ của đồng hồ báo hiệu một kỷ nguyên đã chấm dứt.
1421.wav|Khi bước xuống bậc thềm cuối cùng để ra phía cổng, Phan Vũ không hề ngoảnh đầu lại nhìn ngôi trường lần nào nữa.
1422.wav|Chiếc xe đen chờ sẵn đón ông ta đi, để lại một khoảng trống mênh mông giữa sân trường đầy nắng.
1423.wav|Nguyễn Minh bước đến đứng cạnh Lâm Hạ, cậu khẽ thở dài:
1424.wav|— "Cuối cùng thì mọi chuyện cũng kết thúc rồi phải không?"
1425.wav|Lâm Hạ lắc đầu nhẹ, ánh mắt cô vẫn nhìn về phía cổng trường đã khép lại:
1426.wav|— "Đây chỉ là sự kết thúc của một cái sai, nhưng là sự bắt đầu của một trách nhiệm mới.
1427.wav|Chúng ta đã đòi lại được sự công bằng, nhưng vết thương mà ông ta để lại cho những người như anh Trần Hoàng hay cho chính bạn thì vẫn cần thời gian để chữa lành."
1428.wav|Cô lôi cuốn sổ tay ra, gạch một đường dứt khoát vào cái tên Phan Vũ.
1429.wav|Tượng đài ấy đã sụp đổ, không phải vì một thế lực to lớn nào, mà vì sự dũng cảm của những con người nhỏ bé dám lên tiếng.
1430.wav|Mùa hè của cuộc điều tra đã thực sự khép lại bằng một kết cục nghiệt ngã cho kẻ lạm quyền.
1431.wav|Lâm Hạ cảm thấy cơn gió mùa thu thổi qua mang theo sự thanh thản.
1432.wav|Ngôi trường này từ nay sẽ không còn những bóng đen nấp sau bục giảng, và những suất học bổng sẽ thực sự thuộc về những người xứng đáng nhất bằng chính tài năng và sự nỗ lực của họ.
1433.wav|CHƯƠNG 17: BẢN TIN CUỐI CÙNG
1434.wav|Căn phòng nhỏ của tòa soạn Tạp chí Gương Mặt Trường Học sau một tuần bị niêm phong giờ đây đã tràn ngập ánh nắng của những ngày đầu thu.
1435.wav|Bụi bẩn trên những chiếc bàn gỗ đã được lau sạch, và tiếng lạch cạch của bàn phím lại vang lên, nhưng không còn mang vẻ vội vã, lén lút như những đêm hè trắng đêm điều tra.
1436.wav|Thầy Hiệu trưởng đã ký quyết định cho phép tạp chí hoạt động trở lại.
1437.wav|Không chỉ vậy, nhà trường còn gửi một lời xin lỗi công khai đến Lâm Hạ vì sự vội vàng trong việc đình chỉ học tập cô trước đó.
1438.wav|Đối với Lâm Hạ, đó không chỉ là sự minh oan cá nhân, mà là sự công nhận cho lòng dũng cảm của những người làm báo trẻ tuổi.
1439.wav|Lâm Hạ ngồi trước màn hình máy tính, cô đang hoàn thiện những dòng chữ cuối cùng cho số báo đặc biệt – số báo mà cô gọi là "Bản tin công lý".
1440.wav|"Sự thật thường bắt đầu từ những tiếng thì thầm trong bóng tối, nhưng nó chỉ thực sự có sức mạnh khi chúng ta cùng nhau đưa nó ra ánh sáng." – Lâm Hạ gõ từng chữ một cách nắn nót.
1441.wav|Trong bài viết này, cô không xoáy sâu vào sự thất bại của Phan Vũ.
1442.wav|Thay vào đó, cô dành phần lớn trang báo để tri ân.
1443.wav|Cô viết về sự dũng cảm của Nguyễn Minh, người đã dám bước ra khỏi nỗi sợ hãi để bảo vệ lẽ phải.
1444.wav|Cô nhắc đến anh Trần Hoàng, người đã giúp cô hiểu rằng bóng đen của quá khứ chỉ có thể bị xua tan bằng sự đối diện.
1445.wav|Và đặc biệt, cô dành những lời trân trọng nhất cho cô Mai Chi, người đã giữ lại những mảnh ghép cuối cùng của sự thật suốt ba năm qua.
1446.wav|"Nghề báo không phải là để hạ bệ bất kỳ ai," Lâm Hạ viết tiếp.
1447.wav|"Nghề báo là để bảo vệ những giá trị tốt đẹp, để đảm bảo rằng dưới mái trường này, không một học sinh nào phải cảm thấy cô độc khi đối mặt với sự bất công.
1448.wav|Mùa hè vừa qua đã dạy cho chúng tôi biết rằng, cái giá của sự thật có thể rất đắt, nhưng cái giá của sự im lặng còn đắt hơn gấp bội."
1449.wav|Khi bản thảo vừa hoàn thành, cánh cửa tòa soạn khẽ mở.
1450.wav|Nguyễn Minh bước vào, trên tay cầm một xấp tài liệu mới.
1451.wav|Gương mặt cậu giờ đây đã hồng hào trở lại, nụ cười đã thực sự hiện diện trên môi thay cho vẻ lo âu thường trực.
1452.wav|— "Lâm Hạ, danh sách các bạn đăng ký tham gia đội ngũ phóng viên điều tra mới đã lên đến con số năm mươi người rồi này."
1453.wav|Lâm Hạ ngẩng lên, mỉm cười rạng rỡ.
1454.wav|Cô nhận ra rằng, điều quý giá nhất sau cuộc chiến này không phải là việc loại bỏ một người thầy sai phạm, mà là đã khơi dậy được ý thức về sự công bằng trong lòng mỗi học sinh.
1455.wav|Nhà trường đã cam kết sẽ minh bạch hóa toàn bộ các quỹ hỗ trợ và thiết lập một hòm thư góp ý trực tiếp đến Hội đồng quản trị mà không thông qua bất kỳ cá nhân trung gian nào.
1456.wav|Buổi chiều hôm đó, số báo đặc biệt được phát hành.
1457.wav|Khác với sự xôn xao, náo loạn của ngày khai trường, lần này các học sinh đón nhận tờ báo với một sự trân trọng lặng lẽ.
1458.wav|Họ đọc từng dòng chữ của Lâm Hạ, rồi nhìn nhau gật đầu.
1459.wav|Một niềm tin mới đã được xác lập.
1460.wav|Lâm Hạ bước ra ban công tòa soạn, nhìn xuống sân trường.
1461.wav|Cô thấy cô Mai Chi đang đứng nói chuyện cùng thầy Hiệu trưởng, có lẽ cô sẽ sớm quay lại giảng dạy theo lời mời của nhà trường.
1462.wav|Cô cũng thấy những nhóm học sinh đang cùng nhau thảo luận về các dự án nghiên cứu mới – những dự án mà từ nay sẽ mang chính tên của các bạn ấy.
1463.wav|Bản tin cuối cùng của mùa hè đã khép lại một chương tối tăm, nhưng đồng thời mở ra một trang sử mới cho ngôi trường.
1464.wav|Lâm Hạ xếp gọn cuốn sổ tay điều tra vào ngăn kéo sâu nhất.
1465.wav|Cô biết mình đã hoàn thành sứ mệnh của "Cây bút chuyên điều tra mùa hè".
1466.wav|Từ ngày mai, cô sẽ lại là một phóng viên học đường, ghi lại những khoảnh khắc đẹp đẽ nhất của tuổi trẻ, nhưng với một tâm thế vững vàng hơn bao giờ hết.
1467.wav|Bởi cô hiểu rằng, chỉ cần còn những người dám viết và dám lên tiếng, ánh sáng sẽ luôn tồn tại dưới mái trường này.
1468.wav|CHƯƠNG 18: MÙA HÈ RỰC RỠ NHẤT
1469.wav|Thời gian trôi đi nhanh như một cái chớp mắt.
1470.wav|Những đợt gió heo may của mùa thu đã nhường chỗ cho cái nắng hanh vàng của những ngày giữa học kỳ.
1471.wav|Ngôi trường giờ đây đã lấy lại được nhịp sống bình lặng vốn có, nhưng đó là một sự bình lặng khác hẳn trước kia – một sự bình lặng được xây dựng trên nền móng của sự minh bạch và tôn trọng lẫn nhau.
1472.wav|Lâm Hạ ngồi trên chiếc ghế đá quen thuộc cạnh sân vận động, nơi cô từng có cuộc đối thoại đầy tuyệt vọng với Nguyễn Minh vào những ngày hè oi ả.
1473.wav|Nhìn những học sinh đang hăng say tập luyện dưới nắng, cô khẽ mỉm cười.
1474.wav|Nguyễn Minh giờ đây đã là đội trưởng đội bóng rổ, gương mặt không còn nét u uất mà tràn đầy sức sống của một chàng trai tuổi đôi mươi.
1475.wav|Cậu ấy không còn phải làm việc trong bóng tối để đổi lấy những điểm số hư ảo.
1476.wav|Cô mở cuốn sổ tay mới, trang đầu tiên vẫn còn trắng tinh.
1477.wav|Cuốn sổ tay cũ, nơi lưu giữ những bí mật đen tối về Phan Vũ, đã được cô tặng lại cho phòng truyền thống của nhà trường như một kỷ vật nhắc nhở về một giai đoạn thăng trầm.
1478.wav|"Lâm Hạ, bạn lại đang tìm kiếm đề tài mới à?"
1479.wav|Tiếng gọi cắt ngang dòng suy nghĩ của cô.
1480.wav|Là Mai, cô bạn thân đã cùng cô trải qua những ngày đầu của tờ tạp chí.
1481.wav|Mai ngồi xuống cạnh cô, đưa cho cô một chai nước mát lạnh.
1482.wav|"Tớ đang nghĩ về mùa hè vừa rồi," Lâm Hạ đáp, mắt vẫn dõi theo những cánh chim bay ngang bầu trời.
1483.wav|"Đó là mùa hè dài nhất, nhưng cũng là mùa hè rực rỡ nhất mà tớ từng có."
1484.wav|"Đúng vậy," Mai gật đầu tán thành.
1485.wav|"Cậu đã biến một kỳ nghỉ bình thường thành một cuộc hành trình tìm lại công lý.
1486.wav|Nhờ có cậu mà năm nay tòa soạn chúng ta đón nhận thêm rất nhiều thành viên mới.
1487.wav|Ai cũng muốn trở thành một người cầm bút chân chính."
1488.wav|Lâm Hạ nhìn xuống bàn tay mình, đôi bàn tay từng run rẩy khi nhấn nút đăng tải bài báo chấn động ấy.
1489.wav|Cô nhận ra rằng, sự trưởng thành không đến từ tuổi tác, mà đến từ khoảnh khắc chúng ta dám đứng lên bảo vệ lẽ phải, bất kể đối thủ có quyền lực đến đâu.
1490.wav|Phan Vũ đã ra đi, nhưng bài học về sự liêm chính mà ông ta vô tình để lại sẽ còn mãi trong tâm trí của mỗi học sinh và giáo viên nơi đây.
1491.wav|Bất chợt, một nhóm học sinh lớp dưới đi ngang qua.
1492.wav|Thấy Lâm Hạ, các em khẽ cúi đầu chào với ánh mắt đầy ngưỡng mộ.
1493.wav|Một nữ sinh nhỏ nhắn ngập ngừng bước lại gần, đưa cho Lâm Hạ một bức thư tay nhỏ.
1494.wav|"Chị Lâm Hạ, nhờ có bài viết của chị mà em đã dũng cảm nói với gia đình về việc em muốn theo đuổi đam mê thực sự thay vì chạy theo những thành tích ảo.
1495.wav|Cảm ơn chị vì đã là nguồn cảm hứng cho chúng em."
1496.wav|Cầm bức thư trên tay, Lâm Hạ cảm thấy một làn sóng ấm áp lan tỏa trong lòng.
1497.wav|Đây chính là phần thưởng lớn nhất mà cô nhận được.
1498.wav|Không phải là những lời khen ngợi từ ban giám hiệu, cũng không phải là sự nổi tiếng nhất thời, mà là sự thay đổi tích cực trong tư duy của những người xung quanh.
1499.wav|Hoàng hôn bắt đầu buông xuống, nhuộm đỏ những dãy nhà cao tầng.
1500.wav|Lâm Hạ đứng dậy, khoác chiếc ba lô lên vai.
1501.wav|Cô bước đi về phía tòa soạn, nơi những người bạn đồng hành đang chờ đợi để cùng nhau lên kế hoạch cho số báo tiếp theo.
1502.wav|Mùa hè ấy đã khép lại, nhưng nó đã mở ra một chân trời mới trong tâm hồn cô gái trẻ.
1503.wav|Lâm Hạ không còn là cô nữ sinh phóng viên rụt rè ngày nào.
1504.wav|Cô đã biết rằng, ngòi bút của mình có thể không thay đổi được cả thế giới, nhưng chắc chắn có thể bảo vệ được một thế giới nhỏ bé mang tên trường học – nơi mà sự thật và công bằng phải luôn là kim chỉ nam cho mọi hành động.
1505.wav|Dưới ánh đèn đường vừa vụt sáng, bóng của Lâm Hạ trải dài trên sân trường.
1506.wav|Một mùa hè không có kỳ nghỉ, nhưng lại là mùa hè rực rỡ nhất, vì đó là mùa hè của sự thật.
1507.wav|Câu chuyện về cây bút chuyên điều tra đã kết thúc, nhưng hành trình của lòng dũng cảm sẽ còn tiếp nối mãi về sau.
